id;code;name;account_type;internal_group
41;101501;Cash;asset_cash;asset
1;101701;Transfer of liquidity;asset_current;asset
3;110100;Stock Valuation;asset_current;asset
4;110200;Stock Interim (Received);asset_current;asset
5;110300;Stock Interim (Delivered);asset_current;asset
6;121000;Account Receivable;asset_receivable;asset
7;121100;Products to receive;asset_current;asset
8;131000;Tax Paid;asset_current;asset
9;132000;Tax Receivable;asset_current;asset
10;141000;Prepayments;asset_prepayments;asset
11;151000;Fixed Asset;asset_fixed;asset
12;191000;Non-current assets;asset_non_current;asset
13;201000;Current Liabilities;liability_current;liability
14;211000;Account Payable;liability_payable;liability
15;211100;Bills to receive;liability_current;liability
16;251000;Tax Received;liability_current;liability
17;252000;Tax Payable;liability_current;liability
18;291000;Non-current Liabilities;liability_non_current;liability
19;301000;Capital;equity;equity
20;302000;Dividens;equity;equity
21;400000;Product Sales;income;income
22;441000;Foreign Exchange Gain;income;income
23;442000;Cash Difference Gain;income;income
37;443000;Cash Discount Gain;income;income
24;450000;Other Income;income_other;income
31;641000;Foreign Exchange Loss;expense;expense
32;642000;Cash Difference Loss;expense;expense
36;643000;Cash Discount Loss;expense;expense
33;961000;RD Expenses;expense;expense
34;962000;Sales Expenses;expense;expense
35;101300;Account Receivable (PoS);asset_receivable;asset
43;999999;Undistributed profits/losses;equity_unaffected;equity
2;101000;Current Assets;asset_current;asset
42;101404;Bank;asset_cash;asset
38;101401;Transitory Account;asset_current;asset
39;101402;Pending receipts;asset_current;asset
40;101403;Pending payments;asset_current;asset
212;101403;Pending payments;asset_current;asset
85;101404;Bank;asset_cash;asset
128;101404;Bank;asset_cash;asset
45;101000;Current Assets;asset_current;asset
88;101000;Current Assets;asset_current;asset
131;101000;Current Assets;asset_current;asset
174;101000;Current Assets;asset_current;asset
78;101300;Account Receivable (PoS);asset_receivable;asset
121;101300;Account Receivable (PoS);asset_receivable;asset
164;101300;Account Receivable (PoS);asset_receivable;asset
207;101300;Account Receivable (PoS);asset_receivable;asset
81;101401;Transitory Account;asset_current;asset
124;101401;Transitory Account;asset_current;asset
167;101401;Transitory Account;asset_current;asset
210;101401;Transitory Account;asset_current;asset
82;101402;Pending receipts;asset_current;asset
125;101402;Pending receipts;asset_current;asset
168;101402;Pending receipts;asset_current;asset
211;101402;Pending receipts;asset_current;asset
83;101403;Pending payments;asset_current;asset
126;101403;Pending payments;asset_current;asset
169;101403;Pending payments;asset_current;asset
171;101404;Bank;asset_cash;asset
214;101404;Bank;asset_cash;asset
84;101501;Cash;asset_cash;asset
127;101501;Cash;asset_cash;asset
170;101501;Cash;asset_cash;asset
213;101501;Cash;asset_cash;asset
44;101701;Transfer of liquidity;asset_current;asset
87;101701;Transfer of liquidity;asset_current;asset
130;101701;Transfer of liquidity;asset_current;asset
173;101701;Transfer of liquidity;asset_current;asset
46;110100;Stock Valuation;asset_current;asset
89;110100;Stock Valuation;asset_current;asset
132;110100;Stock Valuation;asset_current;asset
175;110100;Stock Valuation;asset_current;asset
47;110200;Stock Interim (Received);asset_current;asset
90;110200;Stock Interim (Received);asset_current;asset
133;110200;Stock Interim (Received);asset_current;asset
176;110200;Stock Interim (Received);asset_current;asset
48;110300;Stock Interim (Delivered);asset_current;asset
91;110300;Stock Interim (Delivered);asset_current;asset
134;110300;Stock Interim (Delivered);asset_current;asset
177;110300;Stock Interim (Delivered);asset_current;asset
49;121000;Account Receivable;asset_receivable;asset
92;121000;Account Receivable;asset_receivable;asset
135;121000;Account Receivable;asset_receivable;asset
178;121000;Account Receivable;asset_receivable;asset
50;121100;Products to receive;asset_current;asset
93;121100;Products to receive;asset_current;asset
136;121100;Products to receive;asset_current;asset
179;121100;Products to receive;asset_current;asset
51;131000;Tax Paid;asset_current;asset
94;131000;Tax Paid;asset_current;asset
137;131000;Tax Paid;asset_current;asset
180;131000;Tax Paid;asset_current;asset
52;132000;Tax Receivable;asset_current;asset
95;132000;Tax Receivable;asset_current;asset
138;132000;Tax Receivable;asset_current;asset
181;132000;Tax Receivable;asset_current;asset
53;141000;Prepayments;asset_prepayments;asset
96;141000;Prepayments;asset_prepayments;asset
139;141000;Prepayments;asset_prepayments;asset
182;141000;Prepayments;asset_prepayments;asset
54;151000;Fixed Asset;asset_fixed;asset
97;151000;Fixed Asset;asset_fixed;asset
140;151000;Fixed Asset;asset_fixed;asset
183;151000;Fixed Asset;asset_fixed;asset
55;191000;Non-current assets;asset_non_current;asset
98;191000;Non-current assets;asset_non_current;asset
141;191000;Non-current assets;asset_non_current;asset
184;191000;Non-current assets;asset_non_current;asset
56;201000;Current Liabilities;liability_current;liability
99;201000;Current Liabilities;liability_current;liability
142;201000;Current Liabilities;liability_current;liability
185;201000;Current Liabilities;liability_current;liability
57;211000;Account Payable;liability_payable;liability
100;211000;Account Payable;liability_payable;liability
143;211000;Account Payable;liability_payable;liability
186;211000;Account Payable;liability_payable;liability
58;211100;Bills to receive;liability_current;liability
101;211100;Bills to receive;liability_current;liability
144;211100;Bills to receive;liability_current;liability
187;211100;Bills to receive;liability_current;liability
59;251000;Tax Received;liability_current;liability
102;251000;Tax Received;liability_current;liability
145;251000;Tax Received;liability_current;liability
188;251000;Tax Received;liability_current;liability
60;252000;Tax Payable;liability_current;liability
103;252000;Tax Payable;liability_current;liability
146;252000;Tax Payable;liability_current;liability
189;252000;Tax Payable;liability_current;liability
61;291000;Non-current Liabilities;liability_non_current;liability
104;291000;Non-current Liabilities;liability_non_current;liability
147;291000;Non-current Liabilities;liability_non_current;liability
190;291000;Non-current Liabilities;liability_non_current;liability
62;301000;Capital;equity;equity
105;301000;Capital;equity;equity
148;301000;Capital;equity;equity
191;301000;Capital;equity;equity
63;302000;Dividens;equity;equity
106;302000;Dividens;equity;equity
149;302000;Dividens;equity;equity
192;302000;Dividens;equity;equity
64;400000;Product Sales;income;income
107;400000;Product Sales;income;income
150;400000;Product Sales;income;income
193;400000;Product Sales;income;income
65;441000;Foreign Exchange Gain;income;income
108;441000;Foreign Exchange Gain;income;income
151;441000;Foreign Exchange Gain;income;income
194;441000;Foreign Exchange Gain;income;income
66;442000;Cash Difference Gain;income;income
109;442000;Cash Difference Gain;income;income
152;442000;Cash Difference Gain;income;income
195;442000;Cash Difference Gain;income;income
80;443000;Cash Discount Gain;income;income
123;443000;Cash Discount Gain;income;income
166;443000;Cash Discount Gain;income;income
209;443000;Cash Discount Gain;income;income
67;450000;Other Income;income_other;income
110;450000;Other Income;income_other;income
153;450000;Other Income;income_other;income
196;450000;Other Income;income_other;income
68;500000;Cost of Goods Sold;expense_direct_cost;expense
111;500000;Cost of Goods Sold;expense_direct_cost;expense
154;500000;Cost of Goods Sold;expense_direct_cost;expense
197;500000;Cost of Goods Sold;expense_direct_cost;expense
69;600000;Expenses;expense;expense
112;600000;Expenses;expense;expense
155;600000;Expenses;expense;expense
198;600000;Expenses;expense;expense
70;611000;Purchase of Equipments;expense;expense
113;611000;Purchase of Equipments;expense;expense
156;611000;Purchase of Equipments;expense;expense
199;611000;Purchase of Equipments;expense;expense
71;612000;Rent;expense;expense
114;612000;Rent;expense;expense
157;612000;Rent;expense;expense
200;612000;Rent;expense;expense
72;620000;Bank Fees;expense;expense
115;620000;Bank Fees;expense;expense
158;620000;Bank Fees;expense;expense
201;620000;Bank Fees;expense;expense
73;630000;Salary Expenses;expense;expense
116;630000;Salary Expenses;expense;expense
159;630000;Salary Expenses;expense;expense
202;630000;Salary Expenses;expense;expense
74;641000;Foreign Exchange Loss;expense;expense
117;641000;Foreign Exchange Loss;expense;expense
160;641000;Foreign Exchange Loss;expense;expense
203;641000;Foreign Exchange Loss;expense;expense
75;642000;Cash Difference Loss;expense;expense
118;642000;Cash Difference Loss;expense;expense
161;642000;Cash Difference Loss;expense;expense
204;642000;Cash Difference Loss;expense;expense
79;643000;Cash Discount Loss;expense;expense
122;643000;Cash Discount Loss;expense;expense
165;643000;Cash Discount Loss;expense;expense
208;643000;Cash Discount Loss;expense;expense
76;961000;RD Expenses;expense;expense
119;961000;RD Expenses;expense;expense
162;961000;RD Expenses;expense;expense
205;961000;RD Expenses;expense;expense
77;962000;Sales Expenses;expense;expense
120;962000;Sales Expenses;expense;expense
163;962000;Sales Expenses;expense;expense
206;962000;Sales Expenses;expense;expense
86;999999;Undistributed profits/losses;equity_unaffected;equity
129;999999;Undistributed profits/losses;equity_unaffected;equity
172;999999;Undistributed profits/losses;equity_unaffected;equity
215;999999;Undistributed profits/losses;equity_unaffected;equity
25;500000;Cost of Goods Sold;expense_direct_cost;expense
26;600000;Expenses;expense;expense
27;611000;Purchase of Equipments;expense;expense
28;612000;Rent;expense;expense
29;620000;Bank Fees;expense;expense
30;630000;Salary Expenses;expense;expense
