id;date_sum;company_id;company_name;account_id;account_code;account_name;credit;debit;balance
36;2023-07-07;1;Inversiones Digitales(Casa Matriz - San Salvador);14;211000;Account Payable;0.0;3079;3079
37;2023-07-07;1;Inversiones Digitales(Casa Matriz - San Salvador);16;251000;Tax Received;25.0;0;-25
38;2023-07-07;1;Inversiones Digitales(Casa Matriz - San Salvador);21;400000;Product Sales;189.0;0;-189
39;2023-07-07;1;Inversiones Digitales(Casa Matriz - San Salvador);23;442000;Cash Difference Gain;0.0;0;0
40;2023-07-07;1;Inversiones Digitales(Casa Matriz - San Salvador);35;101300;Account Receivable (PoS);214.0;214;0
41;2023-07-07;1;Inversiones Digitales(Casa Matriz - San Salvador);40;101403;Pending payments;3079.0;0;-3079
42;2023-07-07;1;Inversiones Digitales(Casa Matriz - San Salvador);41;101501;Cash;0.0;214;214
43;2023-07-07;2;Inversiones Digitales (San Miguel);14;211000;Account Payable;0.0;3079;3079
44;2023-07-07;2;Inversiones Digitales (San Miguel);16;251000;Tax Received;25.0;0;-25
45;2023-07-07;2;Inversiones Digitales (San Miguel);21;400000;Product Sales;189.0;0;-189
46;2023-07-07;2;Inversiones Digitales (San Miguel);23;442000;Cash Difference Gain;0.0;0;0
47;2023-07-07;2;Inversiones Digitales (San Miguel);35;101300;Account Receivable (PoS);214.0;214;0
48;2023-07-07;2;Inversiones Digitales (San Miguel);40;101403;Pending payments;3079.0;0;-3079
49;2023-07-07;2;Inversiones Digitales (San Miguel);41;101501;Cash;0.0;214;214
50;2023-07-07;3;Inversiones Digitales (Santa Ana);14;211000;Account Payable;0.0;3079;3079
51;2023-07-07;3;Inversiones Digitales (Santa Ana);16;251000;Tax Received;25.0;0;-25
52;2023-07-07;3;Inversiones Digitales (Santa Ana);21;400000;Product Sales;189.0;0;-189
53;2023-07-07;3;Inversiones Digitales (Santa Ana);23;442000;Cash Difference Gain;0.0;0;0
54;2023-07-07;3;Inversiones Digitales (Santa Ana);35;101300;Account Receivable (PoS);214.0;214;0
55;2023-07-07;3;Inversiones Digitales (Santa Ana);40;101403;Pending payments;3079.0;0;-3079
56;2023-07-07;3;Inversiones Digitales (Santa Ana);41;101501;Cash;0.0;214;214
57;2023-07-07;4;Inversiones Digitales (Santa Tecla);14;211000;Account Payable;0.0;3079;3079
58;2023-07-07;4;Inversiones Digitales (Santa Tecla);16;251000;Tax Received;25.0;0;-25
59;2023-07-07;4;Inversiones Digitales (Santa Tecla);21;400000;Product Sales;189.0;0;-189
60;2023-07-07;4;Inversiones Digitales (Santa Tecla);23;442000;Cash Difference Gain;0.0;0;0
61;2023-07-07;4;Inversiones Digitales (Santa Tecla);35;101300;Account Receivable (PoS);214.0;214;0
62;2023-07-07;4;Inversiones Digitales (Santa Tecla);40;101403;Pending payments;3079.0;0;-3079
63;2023-07-07;4;Inversiones Digitales (Santa Tecla);41;101501;Cash;0.0;214;214
64;2023-07-07;5;Inversiones Digitales (San Vicente);14;211000;Account Payable;0.0;3079;3079
65;2023-07-07;5;Inversiones Digitales (San Vicente);16;251000;Tax Received;25.0;0;-25
66;2023-07-07;5;Inversiones Digitales (San Vicente);21;400000;Product Sales;189.0;0;-189
67;2023-07-07;5;Inversiones Digitales (San Vicente);23;442000;Cash Difference Gain;0.0;0;0
68;2023-07-07;5;Inversiones Digitales (San Vicente);35;101300;Account Receivable (PoS);214.0;214;0
69;2023-07-07;5;Inversiones Digitales (San Vicente);40;101403;Pending payments;3079.0;0;-3079
70;2023-07-07;5;Inversiones Digitales (San Vicente);41;101501;Cash;0.0;214;214
71;2023-07-08;1;Inversiones Digitales(Casa Matriz - San Salvador);8;131000;Tax Paid;0.0;354;354
72;2023-07-08;1;Inversiones Digitales(Casa Matriz - San Salvador);14;211000;Account Payable;3079.0;0;-3079
73;2023-07-08;1;Inversiones Digitales(Casa Matriz - San Salvador);26;600000;Expenses;0.0;2725;2725
74;2023-07-08;2;Inversiones Digitales (San Miguel);8;131000;Tax Paid;0.0;354;354
75;2023-07-08;2;Inversiones Digitales (San Miguel);14;211000;Account Payable;3079.0;0;-3079
76;2023-07-08;2;Inversiones Digitales (San Miguel);26;600000;Expenses;0.0;2725;2725
77;2023-07-08;3;Inversiones Digitales (Santa Ana);8;131000;Tax Paid;0.0;354;354
78;2023-07-08;3;Inversiones Digitales (Santa Ana);14;211000;Account Payable;3079.0;0;-3079
79;2023-07-08;3;Inversiones Digitales (Santa Ana);26;600000;Expenses;0.0;2725;2725
80;2023-07-08;4;Inversiones Digitales (Santa Tecla);8;131000;Tax Paid;0.0;354;354
81;2023-07-08;4;Inversiones Digitales (Santa Tecla);14;211000;Account Payable;3079.0;0;-3079
82;2023-07-08;4;Inversiones Digitales (Santa Tecla);26;600000;Expenses;0.0;2725;2725
83;2023-07-08;5;Inversiones Digitales (San Vicente);8;131000;Tax Paid;0.0;354;354
84;2023-07-08;5;Inversiones Digitales (San Vicente);14;211000;Account Payable;3079.0;0;-3079
85;2023-07-08;5;Inversiones Digitales (San Vicente);26;600000;Expenses;0.0;2725;2725
86;2023-07-09;1;Inversiones Digitales(Casa Matriz - San Salvador);8;131000;Tax Paid;0.0;494;494
87;2023-07-09;1;Inversiones Digitales(Casa Matriz - San Salvador);14;211000;Account Payable;4294.0;4294;0
88;2023-07-09;1;Inversiones Digitales(Casa Matriz - San Salvador);26;600000;Expenses;0.0;3800;3800
89;2023-07-09;1;Inversiones Digitales(Casa Matriz - San Salvador);40;101403;Pending payments;4294.0;0;-4294
90;2023-07-09;2;Inversiones Digitales (San Miguel);8;131000;Tax Paid;0.0;494;494
91;2023-07-09;2;Inversiones Digitales (San Miguel);14;211000;Account Payable;4294.0;4294;0
92;2023-07-09;2;Inversiones Digitales (San Miguel);26;600000;Expenses;0.0;3800;3800
93;2023-07-09;2;Inversiones Digitales (San Miguel);40;101403;Pending payments;4294.0;0;-4294
94;2023-07-09;3;Inversiones Digitales (Santa Ana);8;131000;Tax Paid;0.0;494;494
95;2023-07-09;3;Inversiones Digitales (Santa Ana);14;211000;Account Payable;4294.0;4294;0
96;2023-07-09;3;Inversiones Digitales (Santa Ana);26;600000;Expenses;0.0;3800;3800
97;2023-07-09;3;Inversiones Digitales (Santa Ana);40;101403;Pending payments;4294.0;0;-4294
98;2023-07-09;4;Inversiones Digitales (Santa Tecla);8;131000;Tax Paid;0.0;494;494
99;2023-07-09;4;Inversiones Digitales (Santa Tecla);14;211000;Account Payable;4294.0;4294;0
100;2023-07-09;4;Inversiones Digitales (Santa Tecla);26;600000;Expenses;0.0;3800;3800
101;2023-07-09;4;Inversiones Digitales (Santa Tecla);40;101403;Pending payments;4294.0;0;-4294
102;2023-07-09;5;Inversiones Digitales (San Vicente);8;131000;Tax Paid;0.0;494;494
103;2023-07-09;5;Inversiones Digitales (San Vicente);14;211000;Account Payable;4294.0;4294;0
104;2023-07-09;5;Inversiones Digitales (San Vicente);26;600000;Expenses;0.0;3800;3800
105;2023-07-09;5;Inversiones Digitales (San Vicente);40;101403;Pending payments;4294.0;0;-4294
106;2023-07-10;1;Inversiones Digitales(Casa Matriz - San Salvador);8;131000;Tax Paid;0.0;683;683
107;2023-07-10;1;Inversiones Digitales(Casa Matriz - San Salvador);14;211000;Account Payable;5933.0;5933;0
108;2023-07-10;1;Inversiones Digitales(Casa Matriz - San Salvador);26;600000;Expenses;0.0;5250;5250
109;2023-07-10;1;Inversiones Digitales(Casa Matriz - San Salvador);40;101403;Pending payments;5933.0;0;-5933
110;2023-07-10;2;Inversiones Digitales (San Miguel);8;131000;Tax Paid;0.0;683;683
111;2023-07-10;2;Inversiones Digitales (San Miguel);14;211000;Account Payable;5933.0;5933;0
112;2023-07-10;2;Inversiones Digitales (San Miguel);26;600000;Expenses;0.0;5250;5250
113;2023-07-10;2;Inversiones Digitales (San Miguel);40;101403;Pending payments;5933.0;0;-5933
114;2023-07-10;3;Inversiones Digitales (Santa Ana);8;131000;Tax Paid;0.0;683;683
115;2023-07-10;3;Inversiones Digitales (Santa Ana);14;211000;Account Payable;5933.0;5933;0
116;2023-07-10;3;Inversiones Digitales (Santa Ana);26;600000;Expenses;0.0;5250;5250
117;2023-07-10;3;Inversiones Digitales (Santa Ana);40;101403;Pending payments;5933.0;0;-5933
118;2023-07-10;4;Inversiones Digitales (Santa Tecla);8;131000;Tax Paid;0.0;683;683
119;2023-07-10;4;Inversiones Digitales (Santa Tecla);14;211000;Account Payable;5933.0;5933;0
120;2023-07-10;4;Inversiones Digitales (Santa Tecla);26;600000;Expenses;0.0;5250;5250
121;2023-07-10;4;Inversiones Digitales (Santa Tecla);40;101403;Pending payments;5933.0;0;-5933
122;2023-07-10;5;Inversiones Digitales (San Vicente);8;131000;Tax Paid;0.0;683;683
123;2023-07-10;5;Inversiones Digitales (San Vicente);14;211000;Account Payable;5933.0;5933;0
124;2023-07-10;5;Inversiones Digitales (San Vicente);26;600000;Expenses;0.0;5250;5250
125;2023-07-10;5;Inversiones Digitales (San Vicente);40;101403;Pending payments;5933.0;0;-5933
126;2023-07-11;1;Inversiones Digitales(Casa Matriz - San Salvador);8;131000;Tax Paid;0.0;1404;1404
127;2023-07-11;1;Inversiones Digitales(Casa Matriz - San Salvador);14;211000;Account Payable;12204.0;12204;0
128;2023-07-11;1;Inversiones Digitales(Casa Matriz - San Salvador);26;600000;Expenses;0.0;10800;10800
129;2023-07-11;1;Inversiones Digitales(Casa Matriz - San Salvador);40;101403;Pending payments;12204.0;0;-12204
130;2023-07-11;2;Inversiones Digitales (San Miguel);8;131000;Tax Paid;0.0;1404;1404
131;2023-07-11;2;Inversiones Digitales (San Miguel);14;211000;Account Payable;12204.0;12204;0
132;2023-07-11;2;Inversiones Digitales (San Miguel);26;600000;Expenses;0.0;10800;10800
133;2023-07-11;2;Inversiones Digitales (San Miguel);40;101403;Pending payments;12204.0;0;-12204
134;2023-07-11;3;Inversiones Digitales (Santa Ana);8;131000;Tax Paid;0.0;1404;1404
135;2023-07-11;3;Inversiones Digitales (Santa Ana);14;211000;Account Payable;12204.0;12204;0
136;2023-07-11;3;Inversiones Digitales (Santa Ana);26;600000;Expenses;0.0;10800;10800
137;2023-07-11;3;Inversiones Digitales (Santa Ana);40;101403;Pending payments;12204.0;0;-12204
138;2023-07-11;4;Inversiones Digitales (Santa Tecla);8;131000;Tax Paid;0.0;1404;1404
139;2023-07-11;4;Inversiones Digitales (Santa Tecla);14;211000;Account Payable;12204.0;12204;0
140;2023-07-11;4;Inversiones Digitales (Santa Tecla);26;600000;Expenses;0.0;10800;10800
141;2023-07-11;4;Inversiones Digitales (Santa Tecla);40;101403;Pending payments;12204.0;0;-12204
142;2023-07-11;5;Inversiones Digitales (San Vicente);8;131000;Tax Paid;0.0;1404;1404
143;2023-07-11;5;Inversiones Digitales (San Vicente);14;211000;Account Payable;12204.0;12204;0
144;2023-07-11;5;Inversiones Digitales (San Vicente);26;600000;Expenses;0.0;10800;10800
145;2023-07-11;5;Inversiones Digitales (San Vicente);40;101403;Pending payments;12204.0;0;-12204
146;2023-07-12;1;Inversiones Digitales(Casa Matriz - San Salvador);16;251000;Tax Received;732.0;0;-732
147;2023-07-12;1;Inversiones Digitales(Casa Matriz - San Salvador);21;400000;Product Sales;5631.0;0;-5631
148;2023-07-12;1;Inversiones Digitales(Casa Matriz - San Salvador);23;442000;Cash Difference Gain;423.0;0;-423
149;2023-07-12;1;Inversiones Digitales(Casa Matriz - San Salvador);35;101300;Account Receivable (PoS);6363.0;6363;0
150;2023-07-12;1;Inversiones Digitales(Casa Matriz - San Salvador);41;101501;Cash;0.0;6786;6786
151;2023-07-12;2;Inversiones Digitales (San Miguel);16;251000;Tax Received;732.0;0;-732
152;2023-07-12;2;Inversiones Digitales (San Miguel);21;400000;Product Sales;5631.0;0;-5631
153;2023-07-12;2;Inversiones Digitales (San Miguel);23;442000;Cash Difference Gain;423.0;0;-423
154;2023-07-12;2;Inversiones Digitales (San Miguel);35;101300;Account Receivable (PoS);6363.0;6363;0
155;2023-07-12;2;Inversiones Digitales (San Miguel);41;101501;Cash;0.0;6786;6786
156;2023-07-12;3;Inversiones Digitales (Santa Ana);16;251000;Tax Received;732.0;0;-732
157;2023-07-12;3;Inversiones Digitales (Santa Ana);21;400000;Product Sales;5631.0;0;-5631
158;2023-07-12;3;Inversiones Digitales (Santa Ana);23;442000;Cash Difference Gain;423.0;0;-423
159;2023-07-12;3;Inversiones Digitales (Santa Ana);35;101300;Account Receivable (PoS);6363.0;6363;0
160;2023-07-12;3;Inversiones Digitales (Santa Ana);41;101501;Cash;0.0;6786;6786
161;2023-07-12;4;Inversiones Digitales (Santa Tecla);16;251000;Tax Received;732.0;0;-732
162;2023-07-12;4;Inversiones Digitales (Santa Tecla);21;400000;Product Sales;5631.0;0;-5631
163;2023-07-12;4;Inversiones Digitales (Santa Tecla);23;442000;Cash Difference Gain;423.0;0;-423
164;2023-07-12;4;Inversiones Digitales (Santa Tecla);35;101300;Account Receivable (PoS);6363.0;6363;0
165;2023-07-12;4;Inversiones Digitales (Santa Tecla);41;101501;Cash;0.0;6786;6786
166;2023-07-12;5;Inversiones Digitales (San Vicente);16;251000;Tax Received;732.0;0;-732
167;2023-07-12;5;Inversiones Digitales (San Vicente);21;400000;Product Sales;5631.0;0;-5631
168;2023-07-12;5;Inversiones Digitales (San Vicente);23;442000;Cash Difference Gain;423.0;0;-423
169;2023-07-12;5;Inversiones Digitales (San Vicente);35;101300;Account Receivable (PoS);6363.0;6363;0
170;2023-07-12;5;Inversiones Digitales (San Vicente);41;101501;Cash;0.0;6786;6786
171;2023-07-13;1;Inversiones Digitales(Casa Matriz - San Salvador);16;251000;Tax Received;66.0;0;-66
172;2023-07-13;1;Inversiones Digitales(Casa Matriz - San Salvador);21;400000;Product Sales;509.0;0;-509
173;2023-07-13;1;Inversiones Digitales(Casa Matriz - San Salvador);26;600000;Expenses;0.0;2000;2000
174;2023-07-13;1;Inversiones Digitales(Casa Matriz - San Salvador);32;642000;Cash Difference Loss;0.0;7575;7575
175;2023-07-13;1;Inversiones Digitales(Casa Matriz - San Salvador);35;101300;Account Receivable (PoS);575.0;575;0
176;2023-07-13;1;Inversiones Digitales(Casa Matriz - San Salvador);40;101403;Pending payments;2000.0;0;-2000
177;2023-07-13;1;Inversiones Digitales(Casa Matriz - San Salvador);41;101501;Cash;7575.0;575;-7000
178;2023-07-13;2;Inversiones Digitales (San Miguel);16;251000;Tax Received;66.0;0;-66
179;2023-07-13;2;Inversiones Digitales (San Miguel);21;400000;Product Sales;509.0;0;-509
180;2023-07-13;2;Inversiones Digitales (San Miguel);26;600000;Expenses;0.0;2000;2000
181;2023-07-13;2;Inversiones Digitales (San Miguel);32;642000;Cash Difference Loss;0.0;7575;7575
182;2023-07-13;2;Inversiones Digitales (San Miguel);35;101300;Account Receivable (PoS);575.0;575;0
183;2023-07-13;2;Inversiones Digitales (San Miguel);40;101403;Pending payments;2000.0;0;-2000
184;2023-07-13;2;Inversiones Digitales (San Miguel);41;101501;Cash;7575.0;575;-7000
185;2023-07-13;3;Inversiones Digitales (Santa Ana);16;251000;Tax Received;66.0;0;-66
186;2023-07-13;3;Inversiones Digitales (Santa Ana);21;400000;Product Sales;509.0;0;-509
187;2023-07-13;3;Inversiones Digitales (Santa Ana);26;600000;Expenses;0.0;2000;2000
188;2023-07-13;3;Inversiones Digitales (Santa Ana);32;642000;Cash Difference Loss;0.0;7575;7575
189;2023-07-13;3;Inversiones Digitales (Santa Ana);35;101300;Account Receivable (PoS);575.0;575;0
190;2023-07-13;3;Inversiones Digitales (Santa Ana);40;101403;Pending payments;2000.0;0;-2000
191;2023-07-13;3;Inversiones Digitales (Santa Ana);41;101501;Cash;7575.0;575;-7000
192;2023-07-13;4;Inversiones Digitales (Santa Tecla);16;251000;Tax Received;66.0;0;-66
193;2023-07-13;4;Inversiones Digitales (Santa Tecla);21;400000;Product Sales;509.0;0;-509
194;2023-07-13;4;Inversiones Digitales (Santa Tecla);26;600000;Expenses;0.0;2000;2000
195;2023-07-13;4;Inversiones Digitales (Santa Tecla);32;642000;Cash Difference Loss;0.0;7575;7575
196;2023-07-13;4;Inversiones Digitales (Santa Tecla);35;101300;Account Receivable (PoS);575.0;575;0
197;2023-07-13;4;Inversiones Digitales (Santa Tecla);40;101403;Pending payments;2000.0;0;-2000
198;2023-07-13;4;Inversiones Digitales (Santa Tecla);41;101501;Cash;7575.0;575;-7000
199;2023-07-13;5;Inversiones Digitales (San Vicente);16;251000;Tax Received;66.0;0;-66
200;2023-07-13;5;Inversiones Digitales (San Vicente);21;400000;Product Sales;509.0;0;-509
201;2023-07-13;5;Inversiones Digitales (San Vicente);26;600000;Expenses;0.0;2000;2000
202;2023-07-13;5;Inversiones Digitales (San Vicente);32;642000;Cash Difference Loss;0.0;7575;7575
203;2023-07-13;5;Inversiones Digitales (San Vicente);35;101300;Account Receivable (PoS);575.0;575;0
204;2023-07-13;5;Inversiones Digitales (San Vicente);40;101403;Pending payments;2000.0;0;-2000
205;2023-07-13;5;Inversiones Digitales (San Vicente);41;101501;Cash;7575.0;575;-7000
206;2023-11-22;1;Inversiones Digitales(Casa Matriz - San Salvador);2;101000;Current Assets;150.0;0;-150
207;2023-11-22;1;Inversiones Digitales(Casa Matriz - San Salvador);14;211000;Account Payable;0.0;170;170
208;2023-11-22;1;Inversiones Digitales(Casa Matriz - San Salvador);26;600000;Expenses;0.0;150;150
209;2023-11-22;1;Inversiones Digitales(Casa Matriz - San Salvador);40;101403;Pending payments;170.0;0;-170
210;2023-11-23;1;Inversiones Digitales(Casa Matriz - San Salvador);2;101000;Current Assets;0.0;150;150
211;2023-11-23;1;Inversiones Digitales(Casa Matriz - San Salvador);8;131000;Tax Paid;0.0;20;20
212;2023-11-23;1;Inversiones Digitales(Casa Matriz - San Salvador);14;211000;Account Payable;170.0;170;0
213;2023-11-23;1;Inversiones Digitales(Casa Matriz - San Salvador);26;600000;Expenses;150.0;150;0
214;2023-11-23;1;Inversiones Digitales(Casa Matriz - San Salvador);40;101403;Pending payments;170.0;0;-170
