id;company_id;account_id;account_code;account_name;account_type;account_group;has_parent;parent_account_id;parent_account_code;parent_account_name
1;1;2;101000;Current Assets;asset_current;asset;false;;;
2;1;35;101300;Account Receivable (PoS);asset_receivable;asset;true;2;101000;Current Assets
3;1;38;101401;Transitory Account;asset_current;asset;true;2;101000;Current Assets
4;1;39;101402;Pending receipts;asset_current;asset;true;2;101000;Current Assets
5;1;40;101403;Pending payments;asset_current;asset;true;2;101000;Current Assets
6;1;42;101404;Bank;asset_cash;asset;true;2;101000;Current Assets
7;1;41;101501;Cash;asset_cash;asset;true;2;101000;Current Assets
8;1;1;101701;Transfer of liquidity;asset_current;asset;true;2;101000;Current Assets
9;1;3;110100;Stock Valuation;asset_current;asset;false;;;
10;1;4;110200;Stock Interim (Received);asset_current;asset;false;;;
11;1;5;110300;Stock Interim (Delivered);asset_current;asset;false;;;
12;1;6;121000;Account Receivable;asset_receivable;asset;false;;;
13;1;7;121100;Products to receive;asset_current;asset;true;6;121000;Account Receivable
14;1;8;131000;Tax Paid;asset_current;asset;false;;;
15;1;9;132000;Tax Receivable;asset_current;asset;false;;;
16;1;10;141000;Prepayments;asset_prepayments;asset;false;;;
17;1;11;151000;Fixed Asset;asset_fixed;asset;false;;;
18;1;12;191000;Non-current assets;asset_non_current;asset;false;;;
19;1;13;201000;Current Liabilities;liability_current;liability;false;;;
20;1;14;211000;Account Payable;liability_payable;liability;false;;;
21;1;15;211100;Bills to receive;liability_current;liability;true;14;211000;Account Payable
22;1;16;251000;Tax Received;liability_current;liability;false;;;
23;1;17;252000;Tax Payable;liability_current;liability;false;;;
24;1;18;291000;Non-current Liabilities;liability_non_current;liability;false;;;
25;1;19;301000;Capital;equity;equity;false;;;
26;1;20;302000;Dividens;equity;equity;false;;;
27;1;21;400000;Product Sales;income;income;false;;;
28;1;22;441000;Foreign Exchange Gain;income;income;true;21;400000;Product Sales
29;1;23;442000;Cash Difference Gain;income;income;true;21;400000;Product Sales
30;1;37;443000;Cash Discount Gain;income;income;true;21;400000;Product Sales
31;1;24;450000;Other Income;income_other;income;true;21;400000;Product Sales
32;1;25;500000;Cost of Goods Sold;expense_direct_cost;expense;false;;;
33;1;26;600000;Expenses;expense;expense;false;;;
34;1;27;611000;Purchase of Equipments;expense;expense;true;26;600000;Expenses
35;1;28;612000;Rent;expense;expense;true;26;600000;Expenses
36;1;29;620000;Bank Fees;expense;expense;true;26;600000;Expenses
37;1;30;630000;Salary Expenses;expense;expense;true;26;600000;Expenses
38;1;31;641000;Foreign Exchange Loss;expense;expense;true;26;600000;Expenses
39;1;32;642000;Cash Difference Loss;expense;expense;true;26;600000;Expenses
40;1;36;643000;Cash Discount Loss;expense;expense;true;26;600000;Expenses
41;1;33;961000;RD Expenses;expense;expense;false;;;
42;1;34;962000;Sales Expenses;expense;expense;false;;;
43;1;43;999999;Undistributed profits/losses;equity_unaffected;equity;false;;;
44;2;45;101000;Current Assets;asset_current;asset;false;;;
45;2;78;101300;Account Receivable (PoS);asset_receivable;asset;true;45;101000;Current Assets
46;2;81;101401;Transitory Account;asset_current;asset;true;45;101000;Current Assets
47;2;82;101402;Pending receipts;asset_current;asset;true;45;101000;Current Assets
48;2;83;101403;Pending payments;asset_current;asset;true;45;101000;Current Assets
49;2;85;101404;Bank;asset_cash;asset;true;45;101000;Current Assets
50;2;84;101501;Cash;asset_cash;asset;true;45;101000;Current Assets
51;2;44;101701;Transfer of liquidity;asset_current;asset;true;45;101000;Current Assets
52;2;46;110100;Stock Valuation;asset_current;asset;false;;;
53;2;47;110200;Stock Interim (Received);asset_current;asset;false;;;
54;2;48;110300;Stock Interim (Delivered);asset_current;asset;false;;;
55;2;49;121000;Account Receivable;asset_receivable;asset;false;;;
56;2;50;121100;Products to receive;asset_current;asset;true;49;121000;Account Receivable
57;2;51;131000;Tax Paid;asset_current;asset;false;;;
58;2;52;132000;Tax Receivable;asset_current;asset;false;;;
59;2;53;141000;Prepayments;asset_prepayments;asset;false;;;
60;2;54;151000;Fixed Asset;asset_fixed;asset;false;;;
61;2;55;191000;Non-current assets;asset_non_current;asset;false;;;
62;2;56;201000;Current Liabilities;liability_current;liability;false;;;
63;2;57;211000;Account Payable;liability_payable;liability;false;;;
64;2;58;211100;Bills to receive;liability_current;liability;true;57;211000;Account Payable
65;2;59;251000;Tax Received;liability_current;liability;false;;;
66;2;60;252000;Tax Payable;liability_current;liability;false;;;
67;2;61;291000;Non-current Liabilities;liability_non_current;liability;false;;;
68;2;62;301000;Capital;equity;equity;false;;;
69;2;63;302000;Dividens;equity;equity;false;;;
70;2;64;400000;Product Sales;income;income;false;;;
71;2;65;441000;Foreign Exchange Gain;income;income;true;64;400000;Product Sales
72;2;66;442000;Cash Difference Gain;income;income;true;64;400000;Product Sales
73;2;80;443000;Cash Discount Gain;income;income;true;64;400000;Product Sales
74;2;67;450000;Other Income;income_other;income;true;64;400000;Product Sales
75;2;68;500000;Cost of Goods Sold;expense_direct_cost;expense;false;;;
76;2;69;600000;Expenses;expense;expense;false;;;
77;2;70;611000;Purchase of Equipments;expense;expense;true;69;600000;Expenses
78;2;71;612000;Rent;expense;expense;true;69;600000;Expenses
79;2;72;620000;Bank Fees;expense;expense;true;69;600000;Expenses
80;2;73;630000;Salary Expenses;expense;expense;true;69;600000;Expenses
81;2;74;641000;Foreign Exchange Loss;expense;expense;true;69;600000;Expenses
82;2;75;642000;Cash Difference Loss;expense;expense;true;69;600000;Expenses
83;2;79;643000;Cash Discount Loss;expense;expense;true;69;600000;Expenses
84;2;76;961000;RD Expenses;expense;expense;false;;;
85;2;77;962000;Sales Expenses;expense;expense;false;;;
86;2;86;999999;Undistributed profits/losses;equity_unaffected;equity;false;;;
87;3;88;101000;Current Assets;asset_current;asset;false;;;
88;3;121;101300;Account Receivable (PoS);asset_receivable;asset;true;88;101000;Current Assets
89;3;124;101401;Transitory Account;asset_current;asset;true;88;101000;Current Assets
90;3;125;101402;Pending receipts;asset_current;asset;true;88;101000;Current Assets
91;3;126;101403;Pending payments;asset_current;asset;true;88;101000;Current Assets
92;3;128;101404;Bank;asset_cash;asset;true;88;101000;Current Assets
93;3;127;101501;Cash;asset_cash;asset;true;88;101000;Current Assets
94;3;87;101701;Transfer of liquidity;asset_current;asset;true;88;101000;Current Assets
95;3;89;110100;Stock Valuation;asset_current;asset;false;;;
96;3;90;110200;Stock Interim (Received);asset_current;asset;false;;;
97;3;91;110300;Stock Interim (Delivered);asset_current;asset;false;;;
98;3;92;121000;Account Receivable;asset_receivable;asset;false;;;
99;3;93;121100;Products to receive;asset_current;asset;true;92;121000;Account Receivable
100;3;94;131000;Tax Paid;asset_current;asset;false;;;
101;3;95;132000;Tax Receivable;asset_current;asset;false;;;
102;3;96;141000;Prepayments;asset_prepayments;asset;false;;;
103;3;97;151000;Fixed Asset;asset_fixed;asset;false;;;
104;3;98;191000;Non-current assets;asset_non_current;asset;false;;;
105;3;99;201000;Current Liabilities;liability_current;liability;false;;;
106;3;100;211000;Account Payable;liability_payable;liability;false;;;
107;3;101;211100;Bills to receive;liability_current;liability;true;100;211000;Account Payable
108;3;102;251000;Tax Received;liability_current;liability;false;;;
109;3;103;252000;Tax Payable;liability_current;liability;false;;;
110;3;104;291000;Non-current Liabilities;liability_non_current;liability;false;;;
111;3;105;301000;Capital;equity;equity;false;;;
112;3;106;302000;Dividens;equity;equity;false;;;
113;3;107;400000;Product Sales;income;income;false;;;
114;3;108;441000;Foreign Exchange Gain;income;income;true;107;400000;Product Sales
115;3;109;442000;Cash Difference Gain;income;income;true;107;400000;Product Sales
116;3;123;443000;Cash Discount Gain;income;income;true;107;400000;Product Sales
117;3;110;450000;Other Income;income_other;income;true;107;400000;Product Sales
118;3;111;500000;Cost of Goods Sold;expense_direct_cost;expense;false;;;
119;3;112;600000;Expenses;expense;expense;false;;;
120;3;113;611000;Purchase of Equipments;expense;expense;true;112;600000;Expenses
121;3;114;612000;Rent;expense;expense;true;112;600000;Expenses
122;3;115;620000;Bank Fees;expense;expense;true;112;600000;Expenses
123;3;116;630000;Salary Expenses;expense;expense;true;112;600000;Expenses
124;3;117;641000;Foreign Exchange Loss;expense;expense;true;112;600000;Expenses
125;3;118;642000;Cash Difference Loss;expense;expense;true;112;600000;Expenses
126;3;122;643000;Cash Discount Loss;expense;expense;true;112;600000;Expenses
127;3;119;961000;RD Expenses;expense;expense;false;;;
128;3;120;962000;Sales Expenses;expense;expense;false;;;
129;3;129;999999;Undistributed profits/losses;equity_unaffected;equity;false;;;
130;4;131;101000;Current Assets;asset_current;asset;false;;;
131;4;164;101300;Account Receivable (PoS);asset_receivable;asset;true;131;101000;Current Assets
132;4;167;101401;Transitory Account;asset_current;asset;true;131;101000;Current Assets
133;4;168;101402;Pending receipts;asset_current;asset;true;131;101000;Current Assets
134;4;169;101403;Pending payments;asset_current;asset;true;131;101000;Current Assets
135;4;171;101404;Bank;asset_cash;asset;true;131;101000;Current Assets
136;4;170;101501;Cash;asset_cash;asset;true;131;101000;Current Assets
137;4;130;101701;Transfer of liquidity;asset_current;asset;true;131;101000;Current Assets
138;4;132;110100;Stock Valuation;asset_current;asset;false;;;
139;4;133;110200;Stock Interim (Received);asset_current;asset;false;;;
140;4;134;110300;Stock Interim (Delivered);asset_current;asset;false;;;
141;4;135;121000;Account Receivable;asset_receivable;asset;false;;;
142;4;136;121100;Products to receive;asset_current;asset;true;135;121000;Account Receivable
143;4;137;131000;Tax Paid;asset_current;asset;false;;;
144;4;138;132000;Tax Receivable;asset_current;asset;false;;;
145;4;139;141000;Prepayments;asset_prepayments;asset;false;;;
146;4;140;151000;Fixed Asset;asset_fixed;asset;false;;;
147;4;141;191000;Non-current assets;asset_non_current;asset;false;;;
148;4;142;201000;Current Liabilities;liability_current;liability;false;;;
149;4;143;211000;Account Payable;liability_payable;liability;false;;;
150;4;144;211100;Bills to receive;liability_current;liability;true;143;211000;Account Payable
151;4;145;251000;Tax Received;liability_current;liability;false;;;
152;4;146;252000;Tax Payable;liability_current;liability;false;;;
153;4;147;291000;Non-current Liabilities;liability_non_current;liability;false;;;
154;4;148;301000;Capital;equity;equity;false;;;
155;4;149;302000;Dividens;equity;equity;false;;;
156;4;150;400000;Product Sales;income;income;false;;;
157;4;151;441000;Foreign Exchange Gain;income;income;true;150;400000;Product Sales
158;4;152;442000;Cash Difference Gain;income;income;true;150;400000;Product Sales
159;4;166;443000;Cash Discount Gain;income;income;true;150;400000;Product Sales
160;4;153;450000;Other Income;income_other;income;true;150;400000;Product Sales
161;4;154;500000;Cost of Goods Sold;expense_direct_cost;expense;false;;;
162;4;155;600000;Expenses;expense;expense;false;;;
163;4;156;611000;Purchase of Equipments;expense;expense;true;155;600000;Expenses
164;4;157;612000;Rent;expense;expense;true;155;600000;Expenses
165;4;158;620000;Bank Fees;expense;expense;true;155;600000;Expenses
166;4;159;630000;Salary Expenses;expense;expense;true;155;600000;Expenses
167;4;160;641000;Foreign Exchange Loss;expense;expense;true;155;600000;Expenses
168;4;161;642000;Cash Difference Loss;expense;expense;true;155;600000;Expenses
169;4;165;643000;Cash Discount Loss;expense;expense;true;155;600000;Expenses
170;4;162;961000;RD Expenses;expense;expense;false;;;
171;4;163;962000;Sales Expenses;expense;expense;false;;;
172;4;172;999999;Undistributed profits/losses;equity_unaffected;equity;false;;;
173;5;174;101000;Current Assets;asset_current;asset;false;;;
174;5;207;101300;Account Receivable (PoS);asset_receivable;asset;true;174;101000;Current Assets
175;5;210;101401;Transitory Account;asset_current;asset;true;174;101000;Current Assets
176;5;211;101402;Pending receipts;asset_current;asset;true;174;101000;Current Assets
177;5;212;101403;Pending payments;asset_current;asset;true;174;101000;Current Assets
178;5;214;101404;Bank;asset_cash;asset;true;174;101000;Current Assets
179;5;213;101501;Cash;asset_cash;asset;true;174;101000;Current Assets
180;5;173;101701;Transfer of liquidity;asset_current;asset;true;174;101000;Current Assets
181;5;175;110100;Stock Valuation;asset_current;asset;false;;;
182;5;176;110200;Stock Interim (Received);asset_current;asset;false;;;
183;5;177;110300;Stock Interim (Delivered);asset_current;asset;false;;;
184;5;178;121000;Account Receivable;asset_receivable;asset;false;;;
185;5;179;121100;Products to receive;asset_current;asset;true;178;121000;Account Receivable
186;5;180;131000;Tax Paid;asset_current;asset;false;;;
187;5;181;132000;Tax Receivable;asset_current;asset;false;;;
188;5;182;141000;Prepayments;asset_prepayments;asset;false;;;
189;5;183;151000;Fixed Asset;asset_fixed;asset;false;;;
190;5;184;191000;Non-current assets;asset_non_current;asset;false;;;
191;5;185;201000;Current Liabilities;liability_current;liability;false;;;
192;5;186;211000;Account Payable;liability_payable;liability;false;;;
193;5;187;211100;Bills to receive;liability_current;liability;true;186;211000;Account Payable
194;5;188;251000;Tax Received;liability_current;liability;false;;;
195;5;189;252000;Tax Payable;liability_current;liability;false;;;
196;5;190;291000;Non-current Liabilities;liability_non_current;liability;false;;;
197;5;191;301000;Capital;equity;equity;false;;;
198;5;192;302000;Dividens;equity;equity;false;;;
199;5;193;400000;Product Sales;income;income;false;;;
200;5;194;441000;Foreign Exchange Gain;income;income;true;193;400000;Product Sales
201;5;195;442000;Cash Difference Gain;income;income;true;193;400000;Product Sales
202;5;209;443000;Cash Discount Gain;income;income;true;193;400000;Product Sales
203;5;196;450000;Other Income;income_other;income;true;193;400000;Product Sales
204;5;197;500000;Cost of Goods Sold;expense_direct_cost;expense;false;;;
205;5;198;600000;Expenses;expense;expense;false;;;
206;5;199;611000;Purchase of Equipments;expense;expense;true;198;600000;Expenses
207;5;200;612000;Rent;expense;expense;true;198;600000;Expenses
208;5;201;620000;Bank Fees;expense;expense;true;198;600000;Expenses
209;5;202;630000;Salary Expenses;expense;expense;true;198;600000;Expenses
210;5;203;641000;Foreign Exchange Loss;expense;expense;true;198;600000;Expenses
211;5;204;642000;Cash Difference Loss;expense;expense;true;198;600000;Expenses
212;5;208;643000;Cash Discount Loss;expense;expense;true;198;600000;Expenses
213;5;205;961000;RD Expenses;expense;expense;false;;;
214;5;206;962000;Sales Expenses;expense;expense;false;;;
215;5;215;999999;Undistributed profits/losses;equity_unaffected;equity;false;;;
