id;message_main_attachment_id;currency_id;company_id;group_id;root_id;create_uid;write_uid;name;code;account_type;internal_group;note;deprecated;include_initial_balance;reconcile;is_off_balance;non_trade;create_date;write_date
41;;2;1;1;49048;1;1;Cash;101501;asset_cash;asset;;false;true;false;false;false;2023-07-08 12:45:42;2023-07-08 12:45:42
1;;2;1;1;49048;1;1;Transfer of liquidity;101701;asset_current;asset;;false;true;true;false;false;2023-07-08 12:45:42;2023-07-08 12:45:42
3;;2;1;1;49049;1;1;Stock Valuation;110100;asset_current;asset;;false;true;false;false;false;2023-07-08 12:45:42;2023-07-08 12:45:42
4;;2;1;1;49049;1;1;Stock Interim (Received);110200;asset_current;asset;;false;true;true;false;false;2023-07-08 12:45:42;2023-07-08 12:45:42
5;;2;1;1;49049;1;1;Stock Interim (Delivered);110300;asset_current;asset;;false;true;true;false;false;2023-07-08 12:45:42;2023-07-08 12:45:42
6;;2;1;1;49050;1;1;Account Receivable;121000;asset_receivable;asset;;false;true;true;false;false;2023-07-08 12:45:42;2023-07-08 12:45:42
7;;2;1;1;49050;1;1;Products to receive;121100;asset_current;asset;;false;true;true;false;false;2023-07-08 12:45:42;2023-07-08 12:45:42
8;;2;1;1;49051;1;1;Tax Paid;131000;asset_current;asset;;false;true;false;false;false;2023-07-08 12:45:42;2023-07-08 12:45:42
9;;2;1;1;49051;1;1;Tax Receivable;132000;asset_current;asset;;false;true;false;false;false;2023-07-08 12:45:42;2023-07-08 12:45:42
10;;2;1;1;49052;1;1;Prepayments;141000;asset_prepayments;asset;;false;true;false;false;false;2023-07-08 12:45:42;2023-07-08 12:45:42
11;;2;1;1;49053;1;1;Fixed Asset;151000;asset_fixed;asset;;false;true;false;false;false;2023-07-08 12:45:42;2023-07-08 12:45:42
12;;2;1;1;49057;1;1;Non-current assets;191000;asset_non_current;asset;;false;true;false;false;false;2023-07-08 12:45:42;2023-07-08 12:45:42
13;;2;1;;50048;1;1;Current Liabilities;201000;liability_current;liability;;false;true;false;false;false;2023-07-08 12:45:42;2023-07-08 12:45:42
14;;2;1;;50049;1;1;Account Payable;211000;liability_payable;liability;;false;true;true;false;false;2023-07-08 12:45:42;2023-07-08 12:45:42
15;;2;1;;50049;1;1;Bills to receive;211100;liability_current;liability;;false;true;true;false;false;2023-07-08 12:45:42;2023-07-08 12:45:42
16;;2;1;;50053;1;1;Tax Received;251000;liability_current;liability;;false;true;false;false;false;2023-07-08 12:45:42;2023-07-08 12:45:42
17;;2;1;;50053;1;1;Tax Payable;252000;liability_current;liability;;false;true;false;false;false;2023-07-08 12:45:42;2023-07-08 12:45:42
18;;2;1;;50057;1;1;Non-current Liabilities;291000;liability_non_current;liability;;false;true;false;false;false;2023-07-08 12:45:42;2023-07-08 12:45:42
19;;2;1;;51048;1;1;Capital;301000;equity;equity;;false;true;false;false;false;2023-07-08 12:45:42;2023-07-08 12:45:42
20;;2;1;;51048;1;1;Dividens;302000;equity;equity;;false;true;false;false;false;2023-07-08 12:45:42;2023-07-08 12:45:42
21;;2;1;;52048;1;1;Product Sales;400000;income;income;;false;false;false;false;false;2023-07-08 12:45:42;2023-07-08 12:45:42
22;;2;1;;52052;1;1;Foreign Exchange Gain;441000;income;income;;false;false;false;false;false;2023-07-08 12:45:42;2023-07-08 12:45:42
23;;2;1;;52052;1;1;Cash Difference Gain;442000;income;income;;false;false;false;false;false;2023-07-08 12:45:42;2023-07-08 12:45:42
37;;2;1;;52052;1;1;Cash Discount Gain;443000;income;income;;false;false;false;false;false;2023-07-08 12:45:42;2023-07-08 12:45:42
24;;2;1;;52053;1;1;Other Income;450000;income_other;income;;false;false;false;false;false;2023-07-08 12:45:42;2023-07-08 12:45:42
31;;2;1;;54052;1;1;Foreign Exchange Loss;641000;expense;expense;;false;false;false;false;false;2023-07-08 12:45:42;2023-07-08 12:45:42
32;;2;1;;54052;1;1;Cash Difference Loss;642000;expense;expense;;false;false;false;false;false;2023-07-08 12:45:42;2023-07-08 12:45:42
36;;2;1;;54052;1;1;Cash Discount Loss;643000;expense;expense;;false;false;false;false;false;2023-07-08 12:45:42;2023-07-08 12:45:42
33;;2;1;;57054;1;1;RD Expenses;961000;expense;expense;;false;false;false;false;false;2023-07-08 12:45:42;2023-07-08 12:45:42
34;;2;1;;57054;1;1;Sales Expenses;962000;expense;expense;;false;false;false;false;false;2023-07-08 12:45:42;2023-07-08 12:45:42
35;;2;1;1;49048;1;2;Account Receivable (PoS);101300;asset_receivable;asset;;false;true;true;false;false;2023-07-08 12:45:42;2023-11-25 11:40:40
43;;2;1;;57057;1;1;Undistributed profits/losses;999999;equity_unaffected;equity;;false;true;false;false;false;2023-07-08 12:45:42;2023-07-08 12:45:42
2;;2;1;1;49048;1;2;Current Assets;101000;asset_current;asset;;false;true;false;false;false;2023-07-08 12:45:42;2023-11-24 07:05:59
42;;2;1;1;49048;1;1;Bank;101404;asset_cash;asset;;false;true;false;false;false;2023-07-08 12:45:42;2023-07-08 12:45:42
38;;2;1;1;49048;1;1;Transitory Account;101401;asset_current;asset;;false;true;false;false;false;2023-07-08 12:45:42;2023-07-08 12:45:42
39;;2;1;1;49048;1;1;Pending receipts;101402;asset_current;asset;;false;true;true;false;false;2023-07-08 12:45:42;2023-07-08 12:45:42
40;;2;1;1;49048;1;1;Pending payments;101403;asset_current;asset;;false;true;true;false;false;2023-07-08 12:45:42;2023-07-08 12:45:42
212;;2;5;;49048;1;1;Pending payments;101403;asset_current;asset;;false;true;true;false;false;2023-07-07 10:01:25;2023-07-07 10:01:25
85;;2;2;;49048;1;1;Bank;101404;asset_cash;asset;;false;true;false;false;false;2023-07-07 10:01:25;2023-07-07 10:01:25
128;;2;3;;49048;1;1;Bank;101404;asset_cash;asset;;false;true;false;false;false;2023-07-07 10:01:25;2023-07-07 10:01:25
45;;2;2;;49048;1;1;Current Assets;101000;asset_current;asset;;false;true;false;false;false;2023-07-07 10:01:25;2023-07-07 10:01:25
88;;2;3;;49048;1;1;Current Assets;101000;asset_current;asset;;false;true;false;false;false;2023-07-07 10:01:25;2023-07-07 10:01:25
131;;2;4;;49048;1;1;Current Assets;101000;asset_current;asset;;false;true;false;false;false;2023-07-07 10:01:25;2023-07-07 10:01:25
174;;2;5;;49048;1;1;Current Assets;101000;asset_current;asset;;false;true;false;false;false;2023-07-07 10:01:25;2023-07-07 10:01:25
78;;2;2;;49048;1;1;Account Receivable (PoS);101300;asset_receivable;asset;;false;true;true;false;false;2023-07-07 10:01:25;2023-07-07 10:01:25
121;;2;3;;49048;1;1;Account Receivable (PoS);101300;asset_receivable;asset;;false;true;true;false;false;2023-07-07 10:01:25;2023-07-07 10:01:25
164;;2;4;;49048;1;1;Account Receivable (PoS);101300;asset_receivable;asset;;false;true;true;false;false;2023-07-07 10:01:25;2023-07-07 10:01:25
207;;2;5;;49048;1;1;Account Receivable (PoS);101300;asset_receivable;asset;;false;true;true;false;false;2023-07-07 10:01:25;2023-07-07 10:01:25
81;;2;2;;49048;1;1;Transitory Account;101401;asset_current;asset;;false;true;false;false;false;2023-07-07 10:01:25;2023-07-07 10:01:25
124;;2;3;;49048;1;1;Transitory Account;101401;asset_current;asset;;false;true;false;false;false;2023-07-07 10:01:25;2023-07-07 10:01:25
167;;2;4;;49048;1;1;Transitory Account;101401;asset_current;asset;;false;true;false;false;false;2023-07-07 10:01:25;2023-07-07 10:01:25
210;;2;5;;49048;1;1;Transitory Account;101401;asset_current;asset;;false;true;false;false;false;2023-07-07 10:01:25;2023-07-07 10:01:25
82;;2;2;;49048;1;1;Pending receipts;101402;asset_current;asset;;false;true;true;false;false;2023-07-07 10:01:25;2023-07-07 10:01:25
125;;2;3;;49048;1;1;Pending receipts;101402;asset_current;asset;;false;true;true;false;false;2023-07-07 10:01:25;2023-07-07 10:01:25
168;;2;4;;49048;1;1;Pending receipts;101402;asset_current;asset;;false;true;true;false;false;2023-07-07 10:01:25;2023-07-07 10:01:25
211;;2;5;;49048;1;1;Pending receipts;101402;asset_current;asset;;false;true;true;false;false;2023-07-07 10:01:25;2023-07-07 10:01:25
83;;2;2;;49048;1;1;Pending payments;101403;asset_current;asset;;false;true;true;false;false;2023-07-07 10:01:25;2023-07-07 10:01:25
126;;2;3;;49048;1;1;Pending payments;101403;asset_current;asset;;false;true;true;false;false;2023-07-07 10:01:25;2023-07-07 10:01:25
169;;2;4;;49048;1;1;Pending payments;101403;asset_current;asset;;false;true;true;false;false;2023-07-07 10:01:25;2023-07-07 10:01:25
171;;2;4;;49048;1;1;Bank;101404;asset_cash;asset;;false;true;false;false;false;2023-07-07 10:01:25;2023-07-07 10:01:25
214;;2;5;;49048;1;1;Bank;101404;asset_cash;asset;;false;true;false;false;false;2023-07-07 10:01:25;2023-07-07 10:01:25
84;;2;2;;49048;1;1;Cash;101501;asset_cash;asset;;false;true;false;false;false;2023-07-07 10:01:25;2023-07-07 10:01:25
127;;2;3;;49048;1;1;Cash;101501;asset_cash;asset;;false;true;false;false;false;2023-07-07 10:01:25;2023-07-07 10:01:25
170;;2;4;;49048;1;1;Cash;101501;asset_cash;asset;;false;true;false;false;false;2023-07-07 10:01:25;2023-07-07 10:01:25
213;;2;5;;49048;1;1;Cash;101501;asset_cash;asset;;false;true;false;false;false;2023-07-07 10:01:25;2023-07-07 10:01:25
44;;2;2;;49048;1;1;Transfer of liquidity;101701;asset_current;asset;;false;true;true;false;false;2023-07-07 10:01:25;2023-07-07 10:01:25
87;;2;3;;49048;1;1;Transfer of liquidity;101701;asset_current;asset;;false;true;true;false;false;2023-07-07 10:01:25;2023-07-07 10:01:25
130;;2;4;;49048;1;1;Transfer of liquidity;101701;asset_current;asset;;false;true;true;false;false;2023-07-07 10:01:25;2023-07-07 10:01:25
173;;2;5;;49048;1;1;Transfer of liquidity;101701;asset_current;asset;;false;true;true;false;false;2023-07-07 10:01:25;2023-07-07 10:01:25
46;;2;2;;49049;1;1;Stock Valuation;110100;asset_current;asset;;false;true;false;false;false;2023-07-07 10:01:25;2023-07-07 10:01:25
89;;2;3;;49049;1;1;Stock Valuation;110100;asset_current;asset;;false;true;false;false;false;2023-07-07 10:01:25;2023-07-07 10:01:25
132;;2;4;;49049;1;1;Stock Valuation;110100;asset_current;asset;;false;true;false;false;false;2023-07-07 10:01:25;2023-07-07 10:01:25
175;;2;5;;49049;1;1;Stock Valuation;110100;asset_current;asset;;false;true;false;false;false;2023-07-07 10:01:25;2023-07-07 10:01:25
47;;2;2;;49049;1;1;Stock Interim (Received);110200;asset_current;asset;;false;true;true;false;false;2023-07-07 10:01:25;2023-07-07 10:01:25
90;;2;3;;49049;1;1;Stock Interim (Received);110200;asset_current;asset;;false;true;true;false;false;2023-07-07 10:01:25;2023-07-07 10:01:25
133;;2;4;;49049;1;1;Stock Interim (Received);110200;asset_current;asset;;false;true;true;false;false;2023-07-07 10:01:25;2023-07-07 10:01:25
176;;2;5;;49049;1;1;Stock Interim (Received);110200;asset_current;asset;;false;true;true;false;false;2023-07-07 10:01:25;2023-07-07 10:01:25
48;;2;2;;49049;1;1;Stock Interim (Delivered);110300;asset_current;asset;;false;true;true;false;false;2023-07-07 10:01:25;2023-07-07 10:01:25
91;;2;3;;49049;1;1;Stock Interim (Delivered);110300;asset_current;asset;;false;true;true;false;false;2023-07-07 10:01:25;2023-07-07 10:01:25
134;;2;4;;49049;1;1;Stock Interim (Delivered);110300;asset_current;asset;;false;true;true;false;false;2023-07-07 10:01:25;2023-07-07 10:01:25
177;;2;5;;49049;1;1;Stock Interim (Delivered);110300;asset_current;asset;;false;true;true;false;false;2023-07-07 10:01:25;2023-07-07 10:01:25
49;;2;2;;49050;1;1;Account Receivable;121000;asset_receivable;asset;;false;true;true;false;false;2023-07-07 10:01:25;2023-07-07 10:01:25
92;;2;3;;49050;1;1;Account Receivable;121000;asset_receivable;asset;;false;true;true;false;false;2023-07-07 10:01:25;2023-07-07 10:01:25
135;;2;4;;49050;1;1;Account Receivable;121000;asset_receivable;asset;;false;true;true;false;false;2023-07-07 10:01:25;2023-07-07 10:01:25
178;;2;5;;49050;1;1;Account Receivable;121000;asset_receivable;asset;;false;true;true;false;false;2023-07-07 10:01:25;2023-07-07 10:01:25
50;;2;2;;49050;1;1;Products to receive;121100;asset_current;asset;;false;true;true;false;false;2023-07-07 10:01:25;2023-07-07 10:01:25
93;;2;3;;49050;1;1;Products to receive;121100;asset_current;asset;;false;true;true;false;false;2023-07-07 10:01:25;2023-07-07 10:01:25
136;;2;4;;49050;1;1;Products to receive;121100;asset_current;asset;;false;true;true;false;false;2023-07-07 10:01:25;2023-07-07 10:01:25
179;;2;5;;49050;1;1;Products to receive;121100;asset_current;asset;;false;true;true;false;false;2023-07-07 10:01:25;2023-07-07 10:01:25
51;;2;2;;49051;1;1;Tax Paid;131000;asset_current;asset;;false;true;false;false;false;2023-07-07 10:01:25;2023-07-07 10:01:25
94;;2;3;;49051;1;1;Tax Paid;131000;asset_current;asset;;false;true;false;false;false;2023-07-07 10:01:25;2023-07-07 10:01:25
137;;2;4;;49051;1;1;Tax Paid;131000;asset_current;asset;;false;true;false;false;false;2023-07-07 10:01:25;2023-07-07 10:01:25
180;;2;5;;49051;1;1;Tax Paid;131000;asset_current;asset;;false;true;false;false;false;2023-07-07 10:01:25;2023-07-07 10:01:25
52;;2;2;;49051;1;1;Tax Receivable;132000;asset_current;asset;;false;true;false;false;false;2023-07-07 10:01:25;2023-07-07 10:01:25
95;;2;3;;49051;1;1;Tax Receivable;132000;asset_current;asset;;false;true;false;false;false;2023-07-07 10:01:25;2023-07-07 10:01:25
138;;2;4;;49051;1;1;Tax Receivable;132000;asset_current;asset;;false;true;false;false;false;2023-07-07 10:01:25;2023-07-07 10:01:25
181;;2;5;;49051;1;1;Tax Receivable;132000;asset_current;asset;;false;true;false;false;false;2023-07-07 10:01:25;2023-07-07 10:01:25
53;;2;2;;49052;1;1;Prepayments;141000;asset_prepayments;asset;;false;true;false;false;false;2023-07-07 10:01:25;2023-07-07 10:01:25
96;;2;3;;49052;1;1;Prepayments;141000;asset_prepayments;asset;;false;true;false;false;false;2023-07-07 10:01:25;2023-07-07 10:01:25
139;;2;4;;49052;1;1;Prepayments;141000;asset_prepayments;asset;;false;true;false;false;false;2023-07-07 10:01:25;2023-07-07 10:01:25
182;;2;5;;49052;1;1;Prepayments;141000;asset_prepayments;asset;;false;true;false;false;false;2023-07-07 10:01:25;2023-07-07 10:01:25
54;;2;2;;49053;1;1;Fixed Asset;151000;asset_fixed;asset;;false;true;false;false;false;2023-07-07 10:01:25;2023-07-07 10:01:25
97;;2;3;;49053;1;1;Fixed Asset;151000;asset_fixed;asset;;false;true;false;false;false;2023-07-07 10:01:25;2023-07-07 10:01:25
140;;2;4;;49053;1;1;Fixed Asset;151000;asset_fixed;asset;;false;true;false;false;false;2023-07-07 10:01:25;2023-07-07 10:01:25
183;;2;5;;49053;1;1;Fixed Asset;151000;asset_fixed;asset;;false;true;false;false;false;2023-07-07 10:01:25;2023-07-07 10:01:25
55;;2;2;;49057;1;1;Non-current assets;191000;asset_non_current;asset;;false;true;false;false;false;2023-07-07 10:01:25;2023-07-07 10:01:25
98;;2;3;;49057;1;1;Non-current assets;191000;asset_non_current;asset;;false;true;false;false;false;2023-07-07 10:01:25;2023-07-07 10:01:25
141;;2;4;;49057;1;1;Non-current assets;191000;asset_non_current;asset;;false;true;false;false;false;2023-07-07 10:01:25;2023-07-07 10:01:25
184;;2;5;;49057;1;1;Non-current assets;191000;asset_non_current;asset;;false;true;false;false;false;2023-07-07 10:01:25;2023-07-07 10:01:25
56;;2;2;;50048;1;1;Current Liabilities;201000;liability_current;liability;;false;true;false;false;false;2023-07-07 10:01:25;2023-07-07 10:01:25
99;;2;3;;50048;1;1;Current Liabilities;201000;liability_current;liability;;false;true;false;false;false;2023-07-07 10:01:25;2023-07-07 10:01:25
142;;2;4;;50048;1;1;Current Liabilities;201000;liability_current;liability;;false;true;false;false;false;2023-07-07 10:01:25;2023-07-07 10:01:25
185;;2;5;;50048;1;1;Current Liabilities;201000;liability_current;liability;;false;true;false;false;false;2023-07-07 10:01:25;2023-07-07 10:01:25
57;;2;2;;50049;1;1;Account Payable;211000;liability_payable;liability;;false;true;true;false;false;2023-07-07 10:01:25;2023-07-07 10:01:25
100;;2;3;;50049;1;1;Account Payable;211000;liability_payable;liability;;false;true;true;false;false;2023-07-07 10:01:25;2023-07-07 10:01:25
143;;2;4;;50049;1;1;Account Payable;211000;liability_payable;liability;;false;true;true;false;false;2023-07-07 10:01:25;2023-07-07 10:01:25
186;;2;5;;50049;1;1;Account Payable;211000;liability_payable;liability;;false;true;true;false;false;2023-07-07 10:01:25;2023-07-07 10:01:25
58;;2;2;;50049;1;1;Bills to receive;211100;liability_current;liability;;false;true;true;false;false;2023-07-07 10:01:25;2023-07-07 10:01:25
101;;2;3;;50049;1;1;Bills to receive;211100;liability_current;liability;;false;true;true;false;false;2023-07-07 10:01:25;2023-07-07 10:01:25
144;;2;4;;50049;1;1;Bills to receive;211100;liability_current;liability;;false;true;true;false;false;2023-07-07 10:01:25;2023-07-07 10:01:25
187;;2;5;;50049;1;1;Bills to receive;211100;liability_current;liability;;false;true;true;false;false;2023-07-07 10:01:25;2023-07-07 10:01:25
59;;2;2;;50053;1;1;Tax Received;251000;liability_current;liability;;false;true;false;false;false;2023-07-07 10:01:25;2023-07-07 10:01:25
102;;2;3;;50053;1;1;Tax Received;251000;liability_current;liability;;false;true;false;false;false;2023-07-07 10:01:25;2023-07-07 10:01:25
145;;2;4;;50053;1;1;Tax Received;251000;liability_current;liability;;false;true;false;false;false;2023-07-07 10:01:25;2023-07-07 10:01:25
188;;2;5;;50053;1;1;Tax Received;251000;liability_current;liability;;false;true;false;false;false;2023-07-07 10:01:25;2023-07-07 10:01:25
60;;2;2;;50053;1;1;Tax Payable;252000;liability_current;liability;;false;true;false;false;false;2023-07-07 10:01:25;2023-07-07 10:01:25
103;;2;3;;50053;1;1;Tax Payable;252000;liability_current;liability;;false;true;false;false;false;2023-07-07 10:01:25;2023-07-07 10:01:25
146;;2;4;;50053;1;1;Tax Payable;252000;liability_current;liability;;false;true;false;false;false;2023-07-07 10:01:25;2023-07-07 10:01:25
189;;2;5;;50053;1;1;Tax Payable;252000;liability_current;liability;;false;true;false;false;false;2023-07-07 10:01:25;2023-07-07 10:01:25
61;;2;2;;50057;1;1;Non-current Liabilities;291000;liability_non_current;liability;;false;true;false;false;false;2023-07-07 10:01:25;2023-07-07 10:01:25
104;;2;3;;50057;1;1;Non-current Liabilities;291000;liability_non_current;liability;;false;true;false;false;false;2023-07-07 10:01:25;2023-07-07 10:01:25
147;;2;4;;50057;1;1;Non-current Liabilities;291000;liability_non_current;liability;;false;true;false;false;false;2023-07-07 10:01:25;2023-07-07 10:01:25
190;;2;5;;50057;1;1;Non-current Liabilities;291000;liability_non_current;liability;;false;true;false;false;false;2023-07-07 10:01:25;2023-07-07 10:01:25
62;;2;2;;51048;1;1;Capital;301000;equity;equity;;false;true;false;false;false;2023-07-07 10:01:25;2023-07-07 10:01:25
105;;2;3;;51048;1;1;Capital;301000;equity;equity;;false;true;false;false;false;2023-07-07 10:01:25;2023-07-07 10:01:25
148;;2;4;;51048;1;1;Capital;301000;equity;equity;;false;true;false;false;false;2023-07-07 10:01:25;2023-07-07 10:01:25
191;;2;5;;51048;1;1;Capital;301000;equity;equity;;false;true;false;false;false;2023-07-07 10:01:25;2023-07-07 10:01:25
63;;2;2;;51048;1;1;Dividens;302000;equity;equity;;false;true;false;false;false;2023-07-07 10:01:25;2023-07-07 10:01:25
106;;2;3;;51048;1;1;Dividens;302000;equity;equity;;false;true;false;false;false;2023-07-07 10:01:25;2023-07-07 10:01:25
149;;2;4;;51048;1;1;Dividens;302000;equity;equity;;false;true;false;false;false;2023-07-07 10:01:25;2023-07-07 10:01:25
192;;2;5;;51048;1;1;Dividens;302000;equity;equity;;false;true;false;false;false;2023-07-07 10:01:25;2023-07-07 10:01:25
64;;2;2;;52048;1;1;Product Sales;400000;income;income;;false;false;false;false;false;2023-07-07 10:01:25;2023-07-07 10:01:25
107;;2;3;;52048;1;1;Product Sales;400000;income;income;;false;false;false;false;false;2023-07-07 10:01:25;2023-07-07 10:01:25
150;;2;4;;52048;1;1;Product Sales;400000;income;income;;false;false;false;false;false;2023-07-07 10:01:25;2023-07-07 10:01:25
193;;2;5;;52048;1;1;Product Sales;400000;income;income;;false;false;false;false;false;2023-07-07 10:01:25;2023-07-07 10:01:25
65;;2;2;;52052;1;1;Foreign Exchange Gain;441000;income;income;;false;false;false;false;false;2023-07-07 10:01:25;2023-07-07 10:01:25
108;;2;3;;52052;1;1;Foreign Exchange Gain;441000;income;income;;false;false;false;false;false;2023-07-07 10:01:25;2023-07-07 10:01:25
151;;2;4;;52052;1;1;Foreign Exchange Gain;441000;income;income;;false;false;false;false;false;2023-07-07 10:01:25;2023-07-07 10:01:25
194;;2;5;;52052;1;1;Foreign Exchange Gain;441000;income;income;;false;false;false;false;false;2023-07-07 10:01:25;2023-07-07 10:01:25
66;;2;2;;52052;1;1;Cash Difference Gain;442000;income;income;;false;false;false;false;false;2023-07-07 10:01:25;2023-07-07 10:01:25
109;;2;3;;52052;1;1;Cash Difference Gain;442000;income;income;;false;false;false;false;false;2023-07-07 10:01:25;2023-07-07 10:01:25
152;;2;4;;52052;1;1;Cash Difference Gain;442000;income;income;;false;false;false;false;false;2023-07-07 10:01:25;2023-07-07 10:01:25
195;;2;5;;52052;1;1;Cash Difference Gain;442000;income;income;;false;false;false;false;false;2023-07-07 10:01:25;2023-07-07 10:01:25
80;;2;2;;52052;1;1;Cash Discount Gain;443000;income;income;;false;false;false;false;false;2023-07-07 10:01:25;2023-07-07 10:01:25
123;;2;3;;52052;1;1;Cash Discount Gain;443000;income;income;;false;false;false;false;false;2023-07-07 10:01:25;2023-07-07 10:01:25
166;;2;4;;52052;1;1;Cash Discount Gain;443000;income;income;;false;false;false;false;false;2023-07-07 10:01:25;2023-07-07 10:01:25
209;;2;5;;52052;1;1;Cash Discount Gain;443000;income;income;;false;false;false;false;false;2023-07-07 10:01:25;2023-07-07 10:01:25
67;;2;2;;52053;1;1;Other Income;450000;income_other;income;;false;false;false;false;false;2023-07-07 10:01:25;2023-07-07 10:01:25
110;;2;3;;52053;1;1;Other Income;450000;income_other;income;;false;false;false;false;false;2023-07-07 10:01:25;2023-07-07 10:01:25
153;;2;4;;52053;1;1;Other Income;450000;income_other;income;;false;false;false;false;false;2023-07-07 10:01:25;2023-07-07 10:01:25
196;;2;5;;52053;1;1;Other Income;450000;income_other;income;;false;false;false;false;false;2023-07-07 10:01:25;2023-07-07 10:01:25
68;;2;2;;53048;1;1;Cost of Goods Sold;500000;expense_direct_cost;expense;;false;false;false;false;false;2023-07-07 10:01:25;2023-07-07 10:01:25
111;;2;3;;53048;1;1;Cost of Goods Sold;500000;expense_direct_cost;expense;;false;false;false;false;false;2023-07-07 10:01:25;2023-07-07 10:01:25
154;;2;4;;53048;1;1;Cost of Goods Sold;500000;expense_direct_cost;expense;;false;false;false;false;false;2023-07-07 10:01:25;2023-07-07 10:01:25
197;;2;5;;53048;1;1;Cost of Goods Sold;500000;expense_direct_cost;expense;;false;false;false;false;false;2023-07-07 10:01:25;2023-07-07 10:01:25
69;;2;2;;54048;1;1;Expenses;600000;expense;expense;;false;false;false;false;false;2023-07-07 10:01:25;2023-07-07 10:01:25
112;;2;3;;54048;1;1;Expenses;600000;expense;expense;;false;false;false;false;false;2023-07-07 10:01:25;2023-07-07 10:01:25
155;;2;4;;54048;1;1;Expenses;600000;expense;expense;;false;false;false;false;false;2023-07-07 10:01:25;2023-07-07 10:01:25
198;;2;5;;54048;1;1;Expenses;600000;expense;expense;;false;false;false;false;false;2023-07-07 10:01:25;2023-07-07 10:01:25
70;;2;2;;54049;1;1;Purchase of Equipments;611000;expense;expense;;false;false;false;false;false;2023-07-07 10:01:25;2023-07-07 10:01:25
113;;2;3;;54049;1;1;Purchase of Equipments;611000;expense;expense;;false;false;false;false;false;2023-07-07 10:01:25;2023-07-07 10:01:25
156;;2;4;;54049;1;1;Purchase of Equipments;611000;expense;expense;;false;false;false;false;false;2023-07-07 10:01:25;2023-07-07 10:01:25
199;;2;5;;54049;1;1;Purchase of Equipments;611000;expense;expense;;false;false;false;false;false;2023-07-07 10:01:25;2023-07-07 10:01:25
71;;2;2;;54049;1;1;Rent;612000;expense;expense;;false;false;false;false;false;2023-07-07 10:01:25;2023-07-07 10:01:25
114;;2;3;;54049;1;1;Rent;612000;expense;expense;;false;false;false;false;false;2023-07-07 10:01:25;2023-07-07 10:01:25
157;;2;4;;54049;1;1;Rent;612000;expense;expense;;false;false;false;false;false;2023-07-07 10:01:25;2023-07-07 10:01:25
200;;2;5;;54049;1;1;Rent;612000;expense;expense;;false;false;false;false;false;2023-07-07 10:01:25;2023-07-07 10:01:25
72;;2;2;;54050;1;1;Bank Fees;620000;expense;expense;;false;false;false;false;false;2023-07-07 10:01:25;2023-07-07 10:01:25
115;;2;3;;54050;1;1;Bank Fees;620000;expense;expense;;false;false;false;false;false;2023-07-07 10:01:25;2023-07-07 10:01:25
158;;2;4;;54050;1;1;Bank Fees;620000;expense;expense;;false;false;false;false;false;2023-07-07 10:01:25;2023-07-07 10:01:25
201;;2;5;;54050;1;1;Bank Fees;620000;expense;expense;;false;false;false;false;false;2023-07-07 10:01:25;2023-07-07 10:01:25
73;;2;2;;54051;1;1;Salary Expenses;630000;expense;expense;;false;false;false;false;false;2023-07-07 10:01:25;2023-07-07 10:01:25
116;;2;3;;54051;1;1;Salary Expenses;630000;expense;expense;;false;false;false;false;false;2023-07-07 10:01:25;2023-07-07 10:01:25
159;;2;4;;54051;1;1;Salary Expenses;630000;expense;expense;;false;false;false;false;false;2023-07-07 10:01:25;2023-07-07 10:01:25
202;;2;5;;54051;1;1;Salary Expenses;630000;expense;expense;;false;false;false;false;false;2023-07-07 10:01:25;2023-07-07 10:01:25
74;;2;2;;54052;1;1;Foreign Exchange Loss;641000;expense;expense;;false;false;false;false;false;2023-07-07 10:01:25;2023-07-07 10:01:25
117;;2;3;;54052;1;1;Foreign Exchange Loss;641000;expense;expense;;false;false;false;false;false;2023-07-07 10:01:25;2023-07-07 10:01:25
160;;2;4;;54052;1;1;Foreign Exchange Loss;641000;expense;expense;;false;false;false;false;false;2023-07-07 10:01:25;2023-07-07 10:01:25
203;;2;5;;54052;1;1;Foreign Exchange Loss;641000;expense;expense;;false;false;false;false;false;2023-07-07 10:01:25;2023-07-07 10:01:25
75;;2;2;;54052;1;1;Cash Difference Loss;642000;expense;expense;;false;false;false;false;false;2023-07-07 10:01:25;2023-07-07 10:01:25
118;;2;3;;54052;1;1;Cash Difference Loss;642000;expense;expense;;false;false;false;false;false;2023-07-07 10:01:25;2023-07-07 10:01:25
161;;2;4;;54052;1;1;Cash Difference Loss;642000;expense;expense;;false;false;false;false;false;2023-07-07 10:01:25;2023-07-07 10:01:25
204;;2;5;;54052;1;1;Cash Difference Loss;642000;expense;expense;;false;false;false;false;false;2023-07-07 10:01:25;2023-07-07 10:01:25
79;;2;2;;54052;1;1;Cash Discount Loss;643000;expense;expense;;false;false;false;false;false;2023-07-07 10:01:25;2023-07-07 10:01:25
122;;2;3;;54052;1;1;Cash Discount Loss;643000;expense;expense;;false;false;false;false;false;2023-07-07 10:01:25;2023-07-07 10:01:25
165;;2;4;;54052;1;1;Cash Discount Loss;643000;expense;expense;;false;false;false;false;false;2023-07-07 10:01:25;2023-07-07 10:01:25
208;;2;5;;54052;1;1;Cash Discount Loss;643000;expense;expense;;false;false;false;false;false;2023-07-07 10:01:25;2023-07-07 10:01:25
76;;2;2;;57054;1;1;RD Expenses;961000;expense;expense;;false;false;false;false;false;2023-07-07 10:01:25;2023-07-07 10:01:25
119;;2;3;;57054;1;1;RD Expenses;961000;expense;expense;;false;false;false;false;false;2023-07-07 10:01:25;2023-07-07 10:01:25
162;;2;4;;57054;1;1;RD Expenses;961000;expense;expense;;false;false;false;false;false;2023-07-07 10:01:25;2023-07-07 10:01:25
205;;2;5;;57054;1;1;RD Expenses;961000;expense;expense;;false;false;false;false;false;2023-07-07 10:01:25;2023-07-07 10:01:25
77;;2;2;;57054;1;1;Sales Expenses;962000;expense;expense;;false;false;false;false;false;2023-07-07 10:01:25;2023-07-07 10:01:25
120;;2;3;;57054;1;1;Sales Expenses;962000;expense;expense;;false;false;false;false;false;2023-07-07 10:01:25;2023-07-07 10:01:25
163;;2;4;;57054;1;1;Sales Expenses;962000;expense;expense;;false;false;false;false;false;2023-07-07 10:01:25;2023-07-07 10:01:25
206;;2;5;;57054;1;1;Sales Expenses;962000;expense;expense;;false;false;false;false;false;2023-07-07 10:01:25;2023-07-07 10:01:25
86;;2;2;;57057;1;1;Undistributed profits/losses;999999;equity_unaffected;equity;;false;true;false;false;false;2023-07-07 10:01:25;2023-07-07 10:01:25
129;;2;3;;57057;1;1;Undistributed profits/losses;999999;equity_unaffected;equity;;false;true;false;false;false;2023-07-07 10:01:25;2023-07-07 10:01:25
172;;2;4;;57057;1;1;Undistributed profits/losses;999999;equity_unaffected;equity;;false;true;false;false;false;2023-07-07 10:01:25;2023-07-07 10:01:25
215;;2;5;;57057;1;1;Undistributed profits/losses;999999;equity_unaffected;equity;;false;true;false;false;false;2023-07-07 10:01:25;2023-07-07 10:01:25
25;;2;1;;53048;1;1;Cost of Goods Sold;500000;expense_direct_cost;expense;;false;false;false;false;false;2023-07-08 12:45:42;2023-07-08 12:45:42
26;;2;1;;54048;1;1;Expenses;600000;expense;expense;;false;false;false;false;false;2023-07-08 12:45:42;2023-07-08 12:45:42
27;;2;1;;54049;1;1;Purchase of Equipments;611000;expense;expense;;false;false;false;false;false;2023-07-08 12:45:42;2023-07-08 12:45:42
28;;2;1;;54049;1;1;Rent;612000;expense;expense;;false;false;false;false;false;2023-07-08 12:45:42;2023-07-08 12:45:42
29;;2;1;;54050;1;1;Bank Fees;620000;expense;expense;;false;false;false;false;false;2023-07-08 12:45:42;2023-07-08 12:45:42
30;;2;1;;54051;1;1;Salary Expenses;630000;expense;expense;;false;false;false;false;false;2023-07-08 12:45:42;2023-07-08 12:45:42
