id;date_sum;company_id;company_name;account_id;account_code;account_name;credit;debit;balance;created_at
36;2023-07-07;1;Inversiones Digitales(Casa Matriz - San Salvador);14;211000;Account Payable;0;3079;3079;2023-11-327 11:46:59
37;2023-07-07;1;Inversiones Digitales(Casa Matriz - San Salvador);16;251000;Tax Received;25;0;-25;2023-11-327 11:46:59
38;2023-07-07;1;Inversiones Digitales(Casa Matriz - San Salvador);21;400000;Product Sales;189;0;-189;2023-11-327 11:46:59
39;2023-07-07;1;Inversiones Digitales(Casa Matriz - San Salvador);23;442000;Cash Difference Gain;0;0;0;2023-11-327 11:46:59
40;2023-07-07;1;Inversiones Digitales(Casa Matriz - San Salvador);35;101300;Account Receivable (PoS);214;214;0;2023-11-327 11:46:59
41;2023-07-07;1;Inversiones Digitales(Casa Matriz - San Salvador);40;101403;Pending payments;3079;0;-3079;2023-11-327 11:46:59
42;2023-07-07;1;Inversiones Digitales(Casa Matriz - San Salvador);41;101501;Cash;0;214;214;2023-11-327 11:46:59
43;2023-07-07;2;Inversiones Digitales (San Miguel);14;211000;Account Payable;0;3079;3079;2023-11-327 11:46:59
44;2023-07-07;2;Inversiones Digitales (San Miguel);16;251000;Tax Received;25;0;-25;2023-11-327 11:46:59
45;2023-07-07;2;Inversiones Digitales (San Miguel);21;400000;Product Sales;189;0;-189;2023-11-327 11:46:59
46;2023-07-07;2;Inversiones Digitales (San Miguel);23;442000;Cash Difference Gain;0;0;0;2023-11-327 11:46:59
47;2023-07-07;2;Inversiones Digitales (San Miguel);35;101300;Account Receivable (PoS);214;214;0;2023-11-327 11:46:59
48;2023-07-07;2;Inversiones Digitales (San Miguel);40;101403;Pending payments;3079;0;-3079;2023-11-327 11:46:59
49;2023-07-07;2;Inversiones Digitales (San Miguel);41;101501;Cash;0;214;214;2023-11-327 11:46:59
50;2023-07-07;3;Inversiones Digitales (Santa Ana);14;211000;Account Payable;0;3079;3079;2023-11-327 11:46:59
51;2023-07-07;3;Inversiones Digitales (Santa Ana);16;251000;Tax Received;25;0;-25;2023-11-327 11:46:59
52;2023-07-07;3;Inversiones Digitales (Santa Ana);21;400000;Product Sales;189;0;-189;2023-11-327 11:46:59
53;2023-07-07;3;Inversiones Digitales (Santa Ana);23;442000;Cash Difference Gain;0;0;0;2023-11-327 11:46:59
54;2023-07-07;3;Inversiones Digitales (Santa Ana);35;101300;Account Receivable (PoS);214;214;0;2023-11-327 11:46:59
55;2023-07-07;3;Inversiones Digitales (Santa Ana);40;101403;Pending payments;3079;0;-3079;2023-11-327 11:46:59
56;2023-07-07;3;Inversiones Digitales (Santa Ana);41;101501;Cash;0;214;214;2023-11-327 11:46:59
57;2023-07-07;4;Inversiones Digitales (Santa Tecla);14;211000;Account Payable;0;3079;3079;2023-11-327 11:46:59
58;2023-07-07;4;Inversiones Digitales (Santa Tecla);16;251000;Tax Received;25;0;-25;2023-11-327 11:46:59
59;2023-07-07;4;Inversiones Digitales (Santa Tecla);21;400000;Product Sales;189;0;-189;2023-11-327 11:46:59
60;2023-07-07;4;Inversiones Digitales (Santa Tecla);23;442000;Cash Difference Gain;0;0;0;2023-11-327 11:46:59
61;2023-07-07;4;Inversiones Digitales (Santa Tecla);35;101300;Account Receivable (PoS);214;214;0;2023-11-327 11:46:59
62;2023-07-07;4;Inversiones Digitales (Santa Tecla);40;101403;Pending payments;3079;0;-3079;2023-11-327 11:46:59
63;2023-07-07;4;Inversiones Digitales (Santa Tecla);41;101501;Cash;0;214;214;2023-11-327 11:46:59
64;2023-07-07;5;Inversiones Digitales (San Vicente);14;211000;Account Payable;0;3079;3079;2023-11-327 11:46:59
65;2023-07-07;5;Inversiones Digitales (San Vicente);16;251000;Tax Received;25;0;-25;2023-11-327 11:46:59
66;2023-07-07;5;Inversiones Digitales (San Vicente);21;400000;Product Sales;189;0;-189;2023-11-327 11:46:59
67;2023-07-07;5;Inversiones Digitales (San Vicente);23;442000;Cash Difference Gain;0;0;0;2023-11-327 11:46:59
68;2023-07-07;5;Inversiones Digitales (San Vicente);35;101300;Account Receivable (PoS);214;214;0;2023-11-327 11:46:59
69;2023-07-07;5;Inversiones Digitales (San Vicente);40;101403;Pending payments;3079;0;-3079;2023-11-327 11:46:59
70;2023-07-07;5;Inversiones Digitales (San Vicente);41;101501;Cash;0;214;214;2023-11-327 11:46:59
71;2023-07-08;1;Inversiones Digitales(Casa Matriz - San Salvador);8;131000;Tax Paid;0;354;354;2023-11-327 11:46:59
72;2023-07-08;1;Inversiones Digitales(Casa Matriz - San Salvador);14;211000;Account Payable;3079;0;-3079;2023-11-327 11:46:59
73;2023-07-08;1;Inversiones Digitales(Casa Matriz - San Salvador);26;600000;Expenses;0;2725;2725;2023-11-327 11:46:59
74;2023-07-08;2;Inversiones Digitales (San Miguel);8;131000;Tax Paid;0;354;354;2023-11-327 11:46:59
75;2023-07-08;2;Inversiones Digitales (San Miguel);14;211000;Account Payable;3079;0;-3079;2023-11-327 11:46:59
76;2023-07-08;2;Inversiones Digitales (San Miguel);26;600000;Expenses;0;2725;2725;2023-11-327 11:46:59
77;2023-07-08;3;Inversiones Digitales (Santa Ana);8;131000;Tax Paid;0;354;354;2023-11-327 11:46:59
78;2023-07-08;3;Inversiones Digitales (Santa Ana);14;211000;Account Payable;3079;0;-3079;2023-11-327 11:46:59
79;2023-07-08;3;Inversiones Digitales (Santa Ana);26;600000;Expenses;0;2725;2725;2023-11-327 11:46:59
80;2023-07-08;4;Inversiones Digitales (Santa Tecla);8;131000;Tax Paid;0;354;354;2023-11-327 11:46:59
81;2023-07-08;4;Inversiones Digitales (Santa Tecla);14;211000;Account Payable;3079;0;-3079;2023-11-327 11:46:59
82;2023-07-08;4;Inversiones Digitales (Santa Tecla);26;600000;Expenses;0;2725;2725;2023-11-327 11:46:59
83;2023-07-08;5;Inversiones Digitales (San Vicente);8;131000;Tax Paid;0;354;354;2023-11-327 11:46:59
84;2023-07-08;5;Inversiones Digitales (San Vicente);14;211000;Account Payable;3079;0;-3079;2023-11-327 11:46:59
85;2023-07-08;5;Inversiones Digitales (San Vicente);26;600000;Expenses;0;2725;2725;2023-11-327 11:46:59
86;2023-07-09;1;Inversiones Digitales(Casa Matriz - San Salvador);8;131000;Tax Paid;0;494;494;2023-11-327 11:46:59
87;2023-07-09;1;Inversiones Digitales(Casa Matriz - San Salvador);14;211000;Account Payable;4294;4294;0;2023-11-327 11:46:59
88;2023-07-09;1;Inversiones Digitales(Casa Matriz - San Salvador);26;600000;Expenses;0;3800;3800;2023-11-327 11:46:59
89;2023-07-09;1;Inversiones Digitales(Casa Matriz - San Salvador);40;101403;Pending payments;4294;0;-4294;2023-11-327 11:46:59
90;2023-07-09;2;Inversiones Digitales (San Miguel);8;131000;Tax Paid;0;494;494;2023-11-327 11:46:59
91;2023-07-09;2;Inversiones Digitales (San Miguel);14;211000;Account Payable;4294;4294;0;2023-11-327 11:46:59
92;2023-07-09;2;Inversiones Digitales (San Miguel);26;600000;Expenses;0;3800;3800;2023-11-327 11:46:59
93;2023-07-09;2;Inversiones Digitales (San Miguel);40;101403;Pending payments;4294;0;-4294;2023-11-327 11:46:59
94;2023-07-09;3;Inversiones Digitales (Santa Ana);8;131000;Tax Paid;0;494;494;2023-11-327 11:46:59
95;2023-07-09;3;Inversiones Digitales (Santa Ana);14;211000;Account Payable;4294;4294;0;2023-11-327 11:46:59
96;2023-07-09;3;Inversiones Digitales (Santa Ana);26;600000;Expenses;0;3800;3800;2023-11-327 11:46:59
97;2023-07-09;3;Inversiones Digitales (Santa Ana);40;101403;Pending payments;4294;0;-4294;2023-11-327 11:46:59
98;2023-07-09;4;Inversiones Digitales (Santa Tecla);8;131000;Tax Paid;0;494;494;2023-11-327 11:46:59
99;2023-07-09;4;Inversiones Digitales (Santa Tecla);14;211000;Account Payable;4294;4294;0;2023-11-327 11:46:59
100;2023-07-09;4;Inversiones Digitales (Santa Tecla);26;600000;Expenses;0;3800;3800;2023-11-327 11:46:59
101;2023-07-09;4;Inversiones Digitales (Santa Tecla);40;101403;Pending payments;4294;0;-4294;2023-11-327 11:46:59
102;2023-07-09;5;Inversiones Digitales (San Vicente);8;131000;Tax Paid;0;494;494;2023-11-327 11:46:59
103;2023-07-09;5;Inversiones Digitales (San Vicente);14;211000;Account Payable;4294;4294;0;2023-11-327 11:46:59
104;2023-07-09;5;Inversiones Digitales (San Vicente);26;600000;Expenses;0;3800;3800;2023-11-327 11:46:59
105;2023-07-09;5;Inversiones Digitales (San Vicente);40;101403;Pending payments;4294;0;-4294;2023-11-327 11:46:59
106;2023-07-10;1;Inversiones Digitales(Casa Matriz - San Salvador);8;131000;Tax Paid;0;683;683;2023-11-327 11:46:59
107;2023-07-10;1;Inversiones Digitales(Casa Matriz - San Salvador);14;211000;Account Payable;5933;5933;0;2023-11-327 11:46:59
108;2023-07-10;1;Inversiones Digitales(Casa Matriz - San Salvador);26;600000;Expenses;0;5250;5250;2023-11-327 11:46:59
109;2023-07-10;1;Inversiones Digitales(Casa Matriz - San Salvador);40;101403;Pending payments;5933;0;-5933;2023-11-327 11:46:59
110;2023-07-10;2;Inversiones Digitales (San Miguel);8;131000;Tax Paid;0;683;683;2023-11-327 11:46:59
111;2023-07-10;2;Inversiones Digitales (San Miguel);14;211000;Account Payable;5933;5933;0;2023-11-327 11:46:59
112;2023-07-10;2;Inversiones Digitales (San Miguel);26;600000;Expenses;0;5250;5250;2023-11-327 11:46:59
113;2023-07-10;2;Inversiones Digitales (San Miguel);40;101403;Pending payments;5933;0;-5933;2023-11-327 11:46:59
114;2023-07-10;3;Inversiones Digitales (Santa Ana);8;131000;Tax Paid;0;683;683;2023-11-327 11:46:59
115;2023-07-10;3;Inversiones Digitales (Santa Ana);14;211000;Account Payable;5933;5933;0;2023-11-327 11:46:59
116;2023-07-10;3;Inversiones Digitales (Santa Ana);26;600000;Expenses;0;5250;5250;2023-11-327 11:46:59
117;2023-07-10;3;Inversiones Digitales (Santa Ana);40;101403;Pending payments;5933;0;-5933;2023-11-327 11:46:59
118;2023-07-10;4;Inversiones Digitales (Santa Tecla);8;131000;Tax Paid;0;683;683;2023-11-327 11:46:59
119;2023-07-10;4;Inversiones Digitales (Santa Tecla);14;211000;Account Payable;5933;5933;0;2023-11-327 11:46:59
120;2023-07-10;4;Inversiones Digitales (Santa Tecla);26;600000;Expenses;0;5250;5250;2023-11-327 11:46:59
121;2023-07-10;4;Inversiones Digitales (Santa Tecla);40;101403;Pending payments;5933;0;-5933;2023-11-327 11:46:59
122;2023-07-10;5;Inversiones Digitales (San Vicente);8;131000;Tax Paid;0;683;683;2023-11-327 11:46:59
123;2023-07-10;5;Inversiones Digitales (San Vicente);14;211000;Account Payable;5933;5933;0;2023-11-327 11:46:59
124;2023-07-10;5;Inversiones Digitales (San Vicente);26;600000;Expenses;0;5250;5250;2023-11-327 11:46:59
125;2023-07-10;5;Inversiones Digitales (San Vicente);40;101403;Pending payments;5933;0;-5933;2023-11-327 11:46:59
126;2023-07-11;1;Inversiones Digitales(Casa Matriz - San Salvador);8;131000;Tax Paid;0;1404;1404;2023-11-327 11:46:59
127;2023-07-11;1;Inversiones Digitales(Casa Matriz - San Salvador);14;211000;Account Payable;12204;12204;0;2023-11-327 11:46:59
128;2023-07-11;1;Inversiones Digitales(Casa Matriz - San Salvador);26;600000;Expenses;0;10800;10800;2023-11-327 11:46:59
129;2023-07-11;1;Inversiones Digitales(Casa Matriz - San Salvador);40;101403;Pending payments;12204;0;-12204;2023-11-327 11:46:59
130;2023-07-11;2;Inversiones Digitales (San Miguel);8;131000;Tax Paid;0;1404;1404;2023-11-327 11:46:59
131;2023-07-11;2;Inversiones Digitales (San Miguel);14;211000;Account Payable;12204;12204;0;2023-11-327 11:46:59
132;2023-07-11;2;Inversiones Digitales (San Miguel);26;600000;Expenses;0;10800;10800;2023-11-327 11:46:59
133;2023-07-11;2;Inversiones Digitales (San Miguel);40;101403;Pending payments;12204;0;-12204;2023-11-327 11:46:59
134;2023-07-11;3;Inversiones Digitales (Santa Ana);8;131000;Tax Paid;0;1404;1404;2023-11-327 11:46:59
135;2023-07-11;3;Inversiones Digitales (Santa Ana);14;211000;Account Payable;12204;12204;0;2023-11-327 11:46:59
136;2023-07-11;3;Inversiones Digitales (Santa Ana);26;600000;Expenses;0;10800;10800;2023-11-327 11:46:59
137;2023-07-11;3;Inversiones Digitales (Santa Ana);40;101403;Pending payments;12204;0;-12204;2023-11-327 11:46:59
138;2023-07-11;4;Inversiones Digitales (Santa Tecla);8;131000;Tax Paid;0;1404;1404;2023-11-327 11:46:59
139;2023-07-11;4;Inversiones Digitales (Santa Tecla);14;211000;Account Payable;12204;12204;0;2023-11-327 11:46:59
140;2023-07-11;4;Inversiones Digitales (Santa Tecla);26;600000;Expenses;0;10800;10800;2023-11-327 11:46:59
141;2023-07-11;4;Inversiones Digitales (Santa Tecla);40;101403;Pending payments;12204;0;-12204;2023-11-327 11:46:59
142;2023-07-11;5;Inversiones Digitales (San Vicente);8;131000;Tax Paid;0;1404;1404;2023-11-327 11:46:59
143;2023-07-11;5;Inversiones Digitales (San Vicente);14;211000;Account Payable;12204;12204;0;2023-11-327 11:46:59
144;2023-07-11;5;Inversiones Digitales (San Vicente);26;600000;Expenses;0;10800;10800;2023-11-327 11:46:59
145;2023-07-11;5;Inversiones Digitales (San Vicente);40;101403;Pending payments;12204;0;-12204;2023-11-327 11:46:59
146;2023-07-12;1;Inversiones Digitales(Casa Matriz - San Salvador);16;251000;Tax Received;732;0;-732;2023-11-327 11:46:59
147;2023-07-12;1;Inversiones Digitales(Casa Matriz - San Salvador);21;400000;Product Sales;5631;0;-5631;2023-11-327 11:46:59
148;2023-07-12;1;Inversiones Digitales(Casa Matriz - San Salvador);23;442000;Cash Difference Gain;423;0;-423;2023-11-327 11:46:59
149;2023-07-12;1;Inversiones Digitales(Casa Matriz - San Salvador);35;101300;Account Receivable (PoS);6363;6363;0;2023-11-327 11:46:59
150;2023-07-12;1;Inversiones Digitales(Casa Matriz - San Salvador);41;101501;Cash;0;6786;6786;2023-11-327 11:46:59
151;2023-07-12;2;Inversiones Digitales (San Miguel);16;251000;Tax Received;732;0;-732;2023-11-327 11:46:59
152;2023-07-12;2;Inversiones Digitales (San Miguel);21;400000;Product Sales;5631;0;-5631;2023-11-327 11:46:59
153;2023-07-12;2;Inversiones Digitales (San Miguel);23;442000;Cash Difference Gain;423;0;-423;2023-11-327 11:46:59
154;2023-07-12;2;Inversiones Digitales (San Miguel);35;101300;Account Receivable (PoS);6363;6363;0;2023-11-327 11:46:59
155;2023-07-12;2;Inversiones Digitales (San Miguel);41;101501;Cash;0;6786;6786;2023-11-327 11:46:59
156;2023-07-12;3;Inversiones Digitales (Santa Ana);16;251000;Tax Received;732;0;-732;2023-11-327 11:46:59
157;2023-07-12;3;Inversiones Digitales (Santa Ana);21;400000;Product Sales;5631;0;-5631;2023-11-327 11:46:59
158;2023-07-12;3;Inversiones Digitales (Santa Ana);23;442000;Cash Difference Gain;423;0;-423;2023-11-327 11:46:59
159;2023-07-12;3;Inversiones Digitales (Santa Ana);35;101300;Account Receivable (PoS);6363;6363;0;2023-11-327 11:46:59
160;2023-07-12;3;Inversiones Digitales (Santa Ana);41;101501;Cash;0;6786;6786;2023-11-327 11:46:59
161;2023-07-12;4;Inversiones Digitales (Santa Tecla);16;251000;Tax Received;732;0;-732;2023-11-327 11:46:59
162;2023-07-12;4;Inversiones Digitales (Santa Tecla);21;400000;Product Sales;5631;0;-5631;2023-11-327 11:46:59
163;2023-07-12;4;Inversiones Digitales (Santa Tecla);23;442000;Cash Difference Gain;423;0;-423;2023-11-327 11:46:59
164;2023-07-12;4;Inversiones Digitales (Santa Tecla);35;101300;Account Receivable (PoS);6363;6363;0;2023-11-327 11:46:59
165;2023-07-12;4;Inversiones Digitales (Santa Tecla);41;101501;Cash;0;6786;6786;2023-11-327 11:46:59
166;2023-07-12;5;Inversiones Digitales (San Vicente);16;251000;Tax Received;732;0;-732;2023-11-327 11:46:59
167;2023-07-12;5;Inversiones Digitales (San Vicente);21;400000;Product Sales;5631;0;-5631;2023-11-327 11:46:59
168;2023-07-12;5;Inversiones Digitales (San Vicente);23;442000;Cash Difference Gain;423;0;-423;2023-11-327 11:46:59
169;2023-07-12;5;Inversiones Digitales (San Vicente);35;101300;Account Receivable (PoS);6363;6363;0;2023-11-327 11:46:59
170;2023-07-12;5;Inversiones Digitales (San Vicente);41;101501;Cash;0;6786;6786;2023-11-327 11:46:59
171;2023-07-13;1;Inversiones Digitales(Casa Matriz - San Salvador);16;251000;Tax Received;66;0;-66;2023-11-327 11:46:59
172;2023-07-13;1;Inversiones Digitales(Casa Matriz - San Salvador);21;400000;Product Sales;509;0;-509;2023-11-327 11:46:59
173;2023-07-13;1;Inversiones Digitales(Casa Matriz - San Salvador);26;600000;Expenses;0;2000;2000;2023-11-327 11:46:59
174;2023-07-13;1;Inversiones Digitales(Casa Matriz - San Salvador);32;642000;Cash Difference Loss;0;7575;7575;2023-11-327 11:46:59
175;2023-07-13;1;Inversiones Digitales(Casa Matriz - San Salvador);35;101300;Account Receivable (PoS);575;575;0;2023-11-327 11:46:59
176;2023-07-13;1;Inversiones Digitales(Casa Matriz - San Salvador);40;101403;Pending payments;2000;0;-2000;2023-11-327 11:46:59
177;2023-07-13;1;Inversiones Digitales(Casa Matriz - San Salvador);41;101501;Cash;7575;575;-7000;2023-11-327 11:46:59
178;2023-07-13;2;Inversiones Digitales (San Miguel);16;251000;Tax Received;66;0;-66;2023-11-327 11:46:59
179;2023-07-13;2;Inversiones Digitales (San Miguel);21;400000;Product Sales;509;0;-509;2023-11-327 11:46:59
180;2023-07-13;2;Inversiones Digitales (San Miguel);26;600000;Expenses;0;2000;2000;2023-11-327 11:46:59
181;2023-07-13;2;Inversiones Digitales (San Miguel);32;642000;Cash Difference Loss;0;7575;7575;2023-11-327 11:46:59
182;2023-07-13;2;Inversiones Digitales (San Miguel);35;101300;Account Receivable (PoS);575;575;0;2023-11-327 11:46:59
183;2023-07-13;2;Inversiones Digitales (San Miguel);40;101403;Pending payments;2000;0;-2000;2023-11-327 11:46:59
184;2023-07-13;2;Inversiones Digitales (San Miguel);41;101501;Cash;7575;575;-7000;2023-11-327 11:46:59
185;2023-07-13;3;Inversiones Digitales (Santa Ana);16;251000;Tax Received;66;0;-66;2023-11-327 11:46:59
186;2023-07-13;3;Inversiones Digitales (Santa Ana);21;400000;Product Sales;509;0;-509;2023-11-327 11:46:59
187;2023-07-13;3;Inversiones Digitales (Santa Ana);26;600000;Expenses;0;2000;2000;2023-11-327 11:46:59
188;2023-07-13;3;Inversiones Digitales (Santa Ana);32;642000;Cash Difference Loss;0;7575;7575;2023-11-327 11:46:59
189;2023-07-13;3;Inversiones Digitales (Santa Ana);35;101300;Account Receivable (PoS);575;575;0;2023-11-327 11:46:59
190;2023-07-13;3;Inversiones Digitales (Santa Ana);40;101403;Pending payments;2000;0;-2000;2023-11-327 11:46:59
191;2023-07-13;3;Inversiones Digitales (Santa Ana);41;101501;Cash;7575;575;-7000;2023-11-327 11:46:59
192;2023-07-13;4;Inversiones Digitales (Santa Tecla);16;251000;Tax Received;66;0;-66;2023-11-327 11:46:59
193;2023-07-13;4;Inversiones Digitales (Santa Tecla);21;400000;Product Sales;509;0;-509;2023-11-327 11:46:59
194;2023-07-13;4;Inversiones Digitales (Santa Tecla);26;600000;Expenses;0;2000;2000;2023-11-327 11:46:59
195;2023-07-13;4;Inversiones Digitales (Santa Tecla);32;642000;Cash Difference Loss;0;7575;7575;2023-11-327 11:46:59
196;2023-07-13;4;Inversiones Digitales (Santa Tecla);35;101300;Account Receivable (PoS);575;575;0;2023-11-327 11:46:59
197;2023-07-13;4;Inversiones Digitales (Santa Tecla);40;101403;Pending payments;2000;0;-2000;2023-11-327 11:46:59
198;2023-07-13;4;Inversiones Digitales (Santa Tecla);41;101501;Cash;7575;575;-7000;2023-11-327 11:46:59
199;2023-07-13;5;Inversiones Digitales (San Vicente);16;251000;Tax Received;66;0;-66;2023-11-327 11:46:59
200;2023-07-13;5;Inversiones Digitales (San Vicente);21;400000;Product Sales;509;0;-509;2023-11-327 11:46:59
201;2023-07-13;5;Inversiones Digitales (San Vicente);26;600000;Expenses;0;2000;2000;2023-11-327 11:46:59
202;2023-07-13;5;Inversiones Digitales (San Vicente);32;642000;Cash Difference Loss;0;7575;7575;2023-11-327 11:46:59
203;2023-07-13;5;Inversiones Digitales (San Vicente);35;101300;Account Receivable (PoS);575;575;0;2023-11-327 11:46:59
204;2023-07-13;5;Inversiones Digitales (San Vicente);40;101403;Pending payments;2000;0;-2000;2023-11-327 11:46:59
205;2023-07-13;5;Inversiones Digitales (San Vicente);41;101501;Cash;7575;575;-7000;2023-11-327 11:46:59
206;2023-11-22;1;Inversiones Digitales(Casa Matriz - San Salvador);2;101000;Current Assets;150;0;-150;2023-11-327 11:46:59
207;2023-11-22;1;Inversiones Digitales(Casa Matriz - San Salvador);14;211000;Account Payable;0;170;170;2023-11-327 11:46:59
208;2023-11-22;1;Inversiones Digitales(Casa Matriz - San Salvador);26;600000;Expenses;0;150;150;2023-11-327 11:46:59
209;2023-11-22;1;Inversiones Digitales(Casa Matriz - San Salvador);40;101403;Pending payments;170;0;-170;2023-11-327 11:46:59
210;2023-11-23;1;Inversiones Digitales(Casa Matriz - San Salvador);2;101000;Current Assets;0;150;150;2023-11-327 11:46:59
211;2023-11-23;1;Inversiones Digitales(Casa Matriz - San Salvador);8;131000;Tax Paid;0;20;20;2023-11-327 11:46:59
212;2023-11-23;1;Inversiones Digitales(Casa Matriz - San Salvador);14;211000;Account Payable;170;170;0;2023-11-327 11:46:59
213;2023-11-23;1;Inversiones Digitales(Casa Matriz - San Salvador);26;600000;Expenses;150;150;0;2023-11-327 11:46:59
214;2023-11-23;1;Inversiones Digitales(Casa Matriz - San Salvador);40;101403;Pending payments;170;0;-170;2023-11-327 11:46:59
