id;name;partner_id;currency_id;sequence;create_date;parent_id;paperformat_id;external_report_layout_id;create_uid;write_uid;email;phone;mobile;base_onboarding_company_state;font;primary_color;secondary_color;layout_background;report_footer;report_header;company_details;active;write_date;logo_web;partner_gid;iap_enrich_auto_done;snailmail_color;snailmail_cover;snailmail_duplex;social_twitter;social_facebook;social_github;social_linkedin;social_youtube;social_instagram;resource_calendar_id;hr_presence_control_email_amount;hr_presence_control_ip_list;payment_provider_onboarding_state;payment_onboarding_payment_method;message_main_attachment_id;fiscalyear_last_day;transfer_account_id;chart_template_id;default_cash_difference_income_account_id;default_cash_difference_expense_account_id;account_journal_suspense_account_id;account_journal_payment_debit_account_id;account_journal_payment_credit_account_id;account_journal_early_pay_discount_gain_account_id;account_journal_early_pay_discount_loss_account_id;account_sale_tax_id;account_purchase_tax_id;currency_exchange_journal_id;income_currency_exchange_account_id;expense_currency_exchange_account_id;property_stock_account_input_categ_id;property_stock_account_output_categ_id;property_stock_valuation_account_id;incoterm_id;account_opening_move_id;account_default_pos_receivable_account_id;expense_accrual_account_id;revenue_accrual_account_id;automatic_entry_default_journal_id;account_fiscal_country_id;tax_cash_basis_journal_id;account_cash_basis_base_account_id;fiscalyear_last_month;bank_account_code_prefix;cash_account_code_prefix;early_pay_discount_computation;transfer_account_code_prefix;tax_calculation_rounding_method;account_setup_bank_data_state;account_setup_fy_data_state;account_setup_coa_state;account_setup_taxes_state;account_onboarding_invoice_layout_state;account_onboarding_sale_tax_state;account_invoice_onboarding_state;account_dashboard_onboarding_state;terms_type;account_setup_bill_state;quick_edit_mode;period_lock_date;fiscalyear_lock_date;tax_lock_date;account_opening_date;invoice_terms;invoice_terms_html;expects_chart_of_accounts;anglo_saxon_accounting;qr_code;invoice_is_email;invoice_is_print;account_use_credit_limit;account_onboarding_create_invoice_state_flag;tax_exigibility;account_storno;invoice_is_snailmail;quotation_validity_days;sale_quotation_onboarding_state;sale_onboarding_order_confirmation_state;sale_onboarding_sample_quotation_state;sale_onboarding_payment_method;portal_confirmation_sign;portal_confirmation_pay;sale_order_template_id;nomenclature_id;internal_transit_location_id;stock_mail_confirmation_template_id;annual_inventory_day;annual_inventory_month;stock_move_email_validation;stock_sms_confirmation_template_id;stock_move_sms_validation;has_received_warning_stock_sms;security_lead;expense_journal_id;company_expense_journal_id;po_lock;po_double_validation;po_double_validation_amount;po_lead;days_to_purchase;point_of_sale_update_stock_quantities;point_of_sale_use_ticket_qr_code;manufacturing_lead
2;Inversiones Digitales (San Miguel);7;75;10;2023-07-189 12:17:33;;1;202;2;1;sanmiguel@inversionesdigitales.com;+50321212222;;not_done;Lato;#555555;#000000;Blank;;;<p>Inversiones Digitales</p>;true;2023-07-189 12:47:20;[B@3891771e;;;true;;;;;;;;;2;;;not_done;;;31;;;;;;;;;;;;;;;;;;;;;;;;;;;12;;;included;;round_per_line;not_done;not_done;not_done;not_done;not_done;not_done;not_done;not_done;plain;not_done;;;;;2022-01-01;;;true;;;true;true;;;;;;30;not_done;not_done;not_done;;true;;;1;13;31;31;12;;2;true;;0.0;;;edit;one_step;5000;0.0;;closing;;0.0
5;Inversiones Digitales (San Vicente);10;75;10;2023-07-189 12:18:20;;1;202;2;1;sanvicente@inversionesdigitales.com;+50321212222;;not_done;Lato;#555555;#000000;Blank;;;<p>Inversiones Digitales</p>;true;2023-07-189 12:47:20;[B@78ac1102;;;true;;;;;;;;;3;;;not_done;;;31;;;;;;;;;;;;;;;;;;;;;;;;;;;12;;;included;;round_per_line;not_done;not_done;not_done;not_done;not_done;not_done;not_done;not_done;plain;not_done;;;;;2022-01-01;;;true;;;true;true;;;;;;30;not_done;not_done;not_done;;true;;;1;14;31;31;12;;2;true;;0.0;;;edit;one_step;5000;0.0;;closing;;0.0
3;Inversiones Digitales (Santa Ana);8;75;10;2023-07-189 12:17:51;;1;202;2;1;santaana@inversionesdigitales.com;+50321212222;;not_done;Lato;#555555;#000000;Blank;;;<p>Inversiones Digitales</p>;true;2023-07-189 12:47:20;[B@2de8284b;;;true;;;;;;;;;4;;;not_done;;;31;;;;;;;;;;;;;;;;;;;;;;;;;;;12;;;included;;round_per_line;not_done;not_done;not_done;not_done;not_done;not_done;not_done;not_done;plain;not_done;;;;;2022-01-01;;;true;;;true;true;;;;;;30;not_done;not_done;not_done;;true;;;1;15;31;31;12;;2;true;;0.0;;;edit;one_step;5000;0.0;;closing;;0.0
4;Inversiones Digitales (Santa Tecla);9;75;10;2023-07-189 12:18:02;;1;202;2;1;santatecla@inversionesdigitales.com;+50321212222;;not_done;Lato;#555555;#000000;Blank;;;<p>Inversiones Digitales</p>;true;2023-07-189 12:47:20;[B@396e2f39;;;true;;;;;;;;;5;;;not_done;;;31;;;;;;;;;;;;;;;;;;;;;;;;;;;12;;;included;;round_per_line;not_done;not_done;not_done;not_done;not_done;not_done;not_done;not_done;plain;not_done;;;;;2022-01-01;;;true;;;true;true;;;;;;30;not_done;not_done;not_done;;true;;;1;16;31;31;12;;2;true;;0.0;;;edit;one_step;5000;0.0;;closing;;0.0
1;Inversiones Digitales(Casa Matriz - San Salvador);1;2;;2023-07-189 12:15:18;;1;202;1;2;test@test.com;+50321212222;;done;Lato;#555555;#000000;Blank;{"en_US": "<p>test@test.com</p>", "es_MX": "<p>test@test.com</p>"};;<p>Inversiones Digitales(Casa Matriz - San Salvador)<br>;true;2023-11-327 04:54:32;[B@a74868d;;true;true;;;;;;;;;1;;;not_done;;;31;1;1;23;32;38;39;40;37;36;1;2;4;22;31;4;5;3;;;35;2;;3;209;5;;12;1014;1015;included;1017;round_per_line;not_done;not_done;done;not_done;done;not_done;not_done;not_done;plain;not_done;;;;;2022-01-01;;;true;true;;true;true;;;;false;;30;closed;done;not_done;digital_signature;true;;;1;17;31;31;12;;2;true;;0.0;;;edit;one_step;5000;0.0;;closing;;0.0
