6;41;101501;Cash;asset_cash;asset;Sin Descripcion
7;1;101701;Transfer of liquidity;asset_current;asset;Sin Descripcion
8;3;110100;Stock Valuation;asset_current;asset;Sin Descripcion
9;4;110200;Stock Interim (Received);asset_current;asset;Sin Descripcion
10;5;110300;Stock Interim (Delivered);asset_current;asset;Sin Descripcion
11;6;121000;Account Receivable;asset_receivable;asset;Sin Descripcion
12;7;121100;Products to receive;asset_current;asset;Sin Descripcion
13;8;131000;Tax Paid;asset_current;asset;Sin Descripcion
14;9;132000;Tax Receivable;asset_current;asset;Sin Descripcion
15;10;141000;Prepayments;asset_prepayments;asset;Sin Descripcion
16;11;151000;Fixed Asset;asset_fixed;asset;Sin Descripcion
17;12;191000;Non-current assets;asset_non_current;asset;Sin Descripcion
18;13;201000;Current Liabilities;liability_current;liability;Sin Descripcion
19;14;211000;Account Payable;liability_payable;liability;Sin Descripcion
20;15;211100;Bills to receive;liability_current;liability;Sin Descripcion
21;16;251000;Tax Received;liability_current;liability;Sin Descripcion
22;17;252000;Tax Payable;liability_current;liability;Sin Descripcion
23;18;291000;Non-current Liabilities;liability_non_current;liability;Sin Descripcion
24;19;301000;Capital;equity;equity;Sin Descripcion
25;20;302000;Dividens;equity;equity;Sin Descripcion
26;21;400000;Product Sales;income;income;Operating Activities
27;22;441000;Foreign Exchange Gain;income;income;Financing Activities
28;23;442000;Cash Difference Gain;income;income;Investing & Extraordinary Activities
29;37;443000;Cash Discount Gain;income;income;Sin Descripcion
30;24;450000;Other Income;income_other;income;Sin Descripcion
31;31;641000;Foreign Exchange Loss;expense;expense;Financing Activities
32;32;642000;Cash Difference Loss;expense;expense;Investing & Extraordinary Activities
33;36;643000;Cash Discount Loss;expense;expense;Sin Descripcion
34;33;961000;RD Expenses;expense;expense;Investing & Extraordinary Activities
35;34;962000;Sales Expenses;expense;expense;Investing & Extraordinary Activities
36;35;101300;Account Receivable (PoS);asset_receivable;asset;Sin Descripcion
37;43;999999;Undistributed profits/losses;equity_unaffected;equity;Sin Descripcion
38;2;101000;Current Assets;asset_current;asset;Sin Descripcion
39;42;101404;Bank;asset_cash;asset;Sin Descripcion
40;38;101401;Transitory Account;asset_current;asset;Sin Descripcion
41;39;101402;Pending receipts;asset_current;asset;Sin Descripcion
42;40;101403;Pending payments;asset_current;asset;Sin Descripcion
43;212;101403;Pending payments;asset_current;asset;Sin Descripcion
44;85;101404;Bank;asset_cash;asset;Sin Descripcion
45;128;101404;Bank;asset_cash;asset;Sin Descripcion
46;45;101000;Current Assets;asset_current;asset;Sin Descripcion
47;88;101000;Current Assets;asset_current;asset;Sin Descripcion
48;131;101000;Current Assets;asset_current;asset;Sin Descripcion
49;174;101000;Current Assets;asset_current;asset;Sin Descripcion
50;78;101300;Account Receivable (PoS);asset_receivable;asset;Sin Descripcion
51;121;101300;Account Receivable (PoS);asset_receivable;asset;Sin Descripcion
52;164;101300;Account Receivable (PoS);asset_receivable;asset;Sin Descripcion
53;207;101300;Account Receivable (PoS);asset_receivable;asset;Sin Descripcion
54;81;101401;Transitory Account;asset_current;asset;Sin Descripcion
55;124;101401;Transitory Account;asset_current;asset;Sin Descripcion
56;167;101401;Transitory Account;asset_current;asset;Sin Descripcion
57;210;101401;Transitory Account;asset_current;asset;Sin Descripcion
58;82;101402;Pending receipts;asset_current;asset;Sin Descripcion
59;125;101402;Pending receipts;asset_current;asset;Sin Descripcion
60;168;101402;Pending receipts;asset_current;asset;Sin Descripcion
61;211;101402;Pending receipts;asset_current;asset;Sin Descripcion
62;83;101403;Pending payments;asset_current;asset;Sin Descripcion
63;126;101403;Pending payments;asset_current;asset;Sin Descripcion
64;169;101403;Pending payments;asset_current;asset;Sin Descripcion
65;171;101404;Bank;asset_cash;asset;Sin Descripcion
66;214;101404;Bank;asset_cash;asset;Sin Descripcion
67;84;101501;Cash;asset_cash;asset;Sin Descripcion
68;127;101501;Cash;asset_cash;asset;Sin Descripcion
69;170;101501;Cash;asset_cash;asset;Sin Descripcion
70;213;101501;Cash;asset_cash;asset;Sin Descripcion
71;44;101701;Transfer of liquidity;asset_current;asset;Sin Descripcion
72;87;101701;Transfer of liquidity;asset_current;asset;Sin Descripcion
73;130;101701;Transfer of liquidity;asset_current;asset;Sin Descripcion
74;173;101701;Transfer of liquidity;asset_current;asset;Sin Descripcion
75;46;110100;Stock Valuation;asset_current;asset;Sin Descripcion
76;89;110100;Stock Valuation;asset_current;asset;Sin Descripcion
77;132;110100;Stock Valuation;asset_current;asset;Sin Descripcion
78;175;110100;Stock Valuation;asset_current;asset;Sin Descripcion
79;47;110200;Stock Interim (Received);asset_current;asset;Sin Descripcion
80;90;110200;Stock Interim (Received);asset_current;asset;Sin Descripcion
81;133;110200;Stock Interim (Received);asset_current;asset;Sin Descripcion
82;176;110200;Stock Interim (Received);asset_current;asset;Sin Descripcion
83;48;110300;Stock Interim (Delivered);asset_current;asset;Sin Descripcion
84;91;110300;Stock Interim (Delivered);asset_current;asset;Sin Descripcion
85;134;110300;Stock Interim (Delivered);asset_current;asset;Sin Descripcion
86;177;110300;Stock Interim (Delivered);asset_current;asset;Sin Descripcion
87;49;121000;Account Receivable;asset_receivable;asset;Sin Descripcion
88;92;121000;Account Receivable;asset_receivable;asset;Sin Descripcion
89;135;121000;Account Receivable;asset_receivable;asset;Sin Descripcion
90;178;121000;Account Receivable;asset_receivable;asset;Sin Descripcion
91;50;121100;Products to receive;asset_current;asset;Sin Descripcion
92;93;121100;Products to receive;asset_current;asset;Sin Descripcion
93;136;121100;Products to receive;asset_current;asset;Sin Descripcion
94;179;121100;Products to receive;asset_current;asset;Sin Descripcion
95;51;131000;Tax Paid;asset_current;asset;Sin Descripcion
96;94;131000;Tax Paid;asset_current;asset;Sin Descripcion
97;137;131000;Tax Paid;asset_current;asset;Sin Descripcion
98;180;131000;Tax Paid;asset_current;asset;Sin Descripcion
99;52;132000;Tax Receivable;asset_current;asset;Sin Descripcion
100;95;132000;Tax Receivable;asset_current;asset;Sin Descripcion
101;138;132000;Tax Receivable;asset_current;asset;Sin Descripcion
102;181;132000;Tax Receivable;asset_current;asset;Sin Descripcion
103;53;141000;Prepayments;asset_prepayments;asset;Sin Descripcion
104;96;141000;Prepayments;asset_prepayments;asset;Sin Descripcion
105;139;141000;Prepayments;asset_prepayments;asset;Sin Descripcion
106;182;141000;Prepayments;asset_prepayments;asset;Sin Descripcion
107;54;151000;Fixed Asset;asset_fixed;asset;Sin Descripcion
108;97;151000;Fixed Asset;asset_fixed;asset;Sin Descripcion
109;140;151000;Fixed Asset;asset_fixed;asset;Sin Descripcion
110;183;151000;Fixed Asset;asset_fixed;asset;Sin Descripcion
111;55;191000;Non-current assets;asset_non_current;asset;Sin Descripcion
112;98;191000;Non-current assets;asset_non_current;asset;Sin Descripcion
113;141;191000;Non-current assets;asset_non_current;asset;Sin Descripcion
114;184;191000;Non-current assets;asset_non_current;asset;Sin Descripcion
115;56;201000;Current Liabilities;liability_current;liability;Sin Descripcion
116;99;201000;Current Liabilities;liability_current;liability;Sin Descripcion
117;142;201000;Current Liabilities;liability_current;liability;Sin Descripcion
118;185;201000;Current Liabilities;liability_current;liability;Sin Descripcion
119;57;211000;Account Payable;liability_payable;liability;Sin Descripcion
120;100;211000;Account Payable;liability_payable;liability;Sin Descripcion
121;143;211000;Account Payable;liability_payable;liability;Sin Descripcion
122;186;211000;Account Payable;liability_payable;liability;Sin Descripcion
123;58;211100;Bills to receive;liability_current;liability;Sin Descripcion
124;101;211100;Bills to receive;liability_current;liability;Sin Descripcion
125;144;211100;Bills to receive;liability_current;liability;Sin Descripcion
126;187;211100;Bills to receive;liability_current;liability;Sin Descripcion
127;59;251000;Tax Received;liability_current;liability;Sin Descripcion
128;102;251000;Tax Received;liability_current;liability;Sin Descripcion
129;145;251000;Tax Received;liability_current;liability;Sin Descripcion
130;188;251000;Tax Received;liability_current;liability;Sin Descripcion
131;60;252000;Tax Payable;liability_current;liability;Sin Descripcion
132;103;252000;Tax Payable;liability_current;liability;Sin Descripcion
133;146;252000;Tax Payable;liability_current;liability;Sin Descripcion
134;189;252000;Tax Payable;liability_current;liability;Sin Descripcion
135;61;291000;Non-current Liabilities;liability_non_current;liability;Sin Descripcion
136;104;291000;Non-current Liabilities;liability_non_current;liability;Sin Descripcion
137;147;291000;Non-current Liabilities;liability_non_current;liability;Sin Descripcion
138;190;291000;Non-current Liabilities;liability_non_current;liability;Sin Descripcion
139;62;301000;Capital;equity;equity;Sin Descripcion
140;105;301000;Capital;equity;equity;Sin Descripcion
141;148;301000;Capital;equity;equity;Sin Descripcion
142;191;301000;Capital;equity;equity;Sin Descripcion
143;63;302000;Dividens;equity;equity;Sin Descripcion
144;106;302000;Dividens;equity;equity;Sin Descripcion
145;149;302000;Dividens;equity;equity;Sin Descripcion
146;192;302000;Dividens;equity;equity;Sin Descripcion
147;64;400000;Product Sales;income;income;Sin Descripcion
148;107;400000;Product Sales;income;income;Sin Descripcion
149;150;400000;Product Sales;income;income;Sin Descripcion
150;193;400000;Product Sales;income;income;Sin Descripcion
151;65;441000;Foreign Exchange Gain;income;income;Sin Descripcion
152;108;441000;Foreign Exchange Gain;income;income;Sin Descripcion
153;151;441000;Foreign Exchange Gain;income;income;Sin Descripcion
154;194;441000;Foreign Exchange Gain;income;income;Sin Descripcion
155;66;442000;Cash Difference Gain;income;income;Sin Descripcion
156;109;442000;Cash Difference Gain;income;income;Sin Descripcion
157;152;442000;Cash Difference Gain;income;income;Sin Descripcion
158;195;442000;Cash Difference Gain;income;income;Sin Descripcion
159;80;443000;Cash Discount Gain;income;income;Sin Descripcion
160;123;443000;Cash Discount Gain;income;income;Sin Descripcion
161;166;443000;Cash Discount Gain;income;income;Sin Descripcion
162;209;443000;Cash Discount Gain;income;income;Sin Descripcion
163;67;450000;Other Income;income_other;income;Sin Descripcion
164;110;450000;Other Income;income_other;income;Sin Descripcion
165;153;450000;Other Income;income_other;income;Sin Descripcion
166;196;450000;Other Income;income_other;income;Sin Descripcion
167;68;500000;Cost of Goods Sold;expense_direct_cost;expense;Sin Descripcion
168;111;500000;Cost of Goods Sold;expense_direct_cost;expense;Sin Descripcion
169;154;500000;Cost of Goods Sold;expense_direct_cost;expense;Sin Descripcion
170;197;500000;Cost of Goods Sold;expense_direct_cost;expense;Sin Descripcion
171;69;600000;Expenses;expense;expense;Sin Descripcion
172;112;600000;Expenses;expense;expense;Sin Descripcion
173;155;600000;Expenses;expense;expense;Sin Descripcion
174;198;600000;Expenses;expense;expense;Sin Descripcion
175;70;611000;Purchase of Equipments;expense;expense;Sin Descripcion
176;113;611000;Purchase of Equipments;expense;expense;Sin Descripcion
177;156;611000;Purchase of Equipments;expense;expense;Sin Descripcion
178;199;611000;Purchase of Equipments;expense;expense;Sin Descripcion
179;71;612000;Rent;expense;expense;Sin Descripcion
180;114;612000;Rent;expense;expense;Sin Descripcion
181;157;612000;Rent;expense;expense;Sin Descripcion
182;200;612000;Rent;expense;expense;Sin Descripcion
183;72;620000;Bank Fees;expense;expense;Sin Descripcion
184;115;620000;Bank Fees;expense;expense;Sin Descripcion
185;158;620000;Bank Fees;expense;expense;Sin Descripcion
186;201;620000;Bank Fees;expense;expense;Sin Descripcion
187;73;630000;Salary Expenses;expense;expense;Sin Descripcion
188;116;630000;Salary Expenses;expense;expense;Sin Descripcion
189;159;630000;Salary Expenses;expense;expense;Sin Descripcion
190;202;630000;Salary Expenses;expense;expense;Sin Descripcion
191;74;641000;Foreign Exchange Loss;expense;expense;Sin Descripcion
192;117;641000;Foreign Exchange Loss;expense;expense;Sin Descripcion
193;160;641000;Foreign Exchange Loss;expense;expense;Sin Descripcion
194;203;641000;Foreign Exchange Loss;expense;expense;Sin Descripcion
195;75;642000;Cash Difference Loss;expense;expense;Sin Descripcion
196;118;642000;Cash Difference Loss;expense;expense;Sin Descripcion
197;161;642000;Cash Difference Loss;expense;expense;Sin Descripcion
198;204;642000;Cash Difference Loss;expense;expense;Sin Descripcion
199;79;643000;Cash Discount Loss;expense;expense;Sin Descripcion
200;122;643000;Cash Discount Loss;expense;expense;Sin Descripcion
201;165;643000;Cash Discount Loss;expense;expense;Sin Descripcion
202;208;643000;Cash Discount Loss;expense;expense;Sin Descripcion
203;76;961000;RD Expenses;expense;expense;Sin Descripcion
204;119;961000;RD Expenses;expense;expense;Sin Descripcion
205;162;961000;RD Expenses;expense;expense;Sin Descripcion
206;205;961000;RD Expenses;expense;expense;Sin Descripcion
207;77;962000;Sales Expenses;expense;expense;Sin Descripcion
208;120;962000;Sales Expenses;expense;expense;Sin Descripcion
209;163;962000;Sales Expenses;expense;expense;Sin Descripcion
210;206;962000;Sales Expenses;expense;expense;Sin Descripcion
211;86;999999;Undistributed profits/losses;equity_unaffected;equity;Sin Descripcion
212;129;999999;Undistributed profits/losses;equity_unaffected;equity;Sin Descripcion
213;172;999999;Undistributed profits/losses;equity_unaffected;equity;Sin Descripcion
214;215;999999;Undistributed profits/losses;equity_unaffected;equity;Sin Descripcion
215;25;500000;Cost of Goods Sold;expense_direct_cost;expense;Operating Activities
216;26;600000;Expenses;expense;expense;Operating Activities
217;27;611000;Purchase of Equipments;expense;expense;Investing & Extraordinary Activities
218;28;612000;Rent;expense;expense;Investing & Extraordinary Activities
219;29;620000;Bank Fees;expense;expense;Financing Activities
220;30;630000;Salary Expenses;expense;expense;Operating Activities
